"id","url","text","createdAt","author.profilePicture","retweetCount","replyCount","likeCount","quoteCount","viewCount","bookmarkCount","source","lang","isReply","isRetweet","isQuote","isPinned"
"1907190697113096623","https://x.com/brfelindra/status/1907190697113096623","Komisi I DPR RI Pastikan RUU Penyiaran Tidak Mengancam Kebebasan Pers Tetap Terjamin #KebebasanPersTerjamin https://t.co/P3eE39Gm0s","Tue Apr 01 21:57:50 +0000 2025","https://pbs.twimg.com/profile_images/1167430266316439552/HefPt5cB_normal.jpg","221","237","231","0","2492","0","<a href=""https://mobile.twitter.com"" rel=""nofollow"">Twitter Web App</a>","in","false","false","false","false"
"1907373006802080020","https://x.com/arya_ptraaa/status/1907373006802080020","@brfelindra Gelombang diskusi bareng Komisi I dan segala usaha buat kebebasan pers sih patut diacungi jempol tanpa pause","Wed Apr 02 10:02:16 +0000 2025","https://pbs.twimg.com/profile_images/1696382682316587009/WC5VUWng_normal.jpg","0","0","0","0","3","0","","in","true",,,"false"
"1907367597987057701","https://x.com/hengki_setiabdi/status/1907367597987057701","@brfelindra Kebebasan pers tetap eksis berkat langkah positif dari Komisi I DPR RI","Wed Apr 02 09:40:47 +0000 2025","https://pbs.twimg.com/profile_images/1700057405328076800/39o29fHO_normal.jpg","0","0","0","0","1","0","","in","true",,,"false"
"1907365204947578922","https://x.com/risma_amaliya77/status/1907365204947578922","@brfelindra Komisi I punya langkah pasti demi kebebasan pers yang tak terhempas opini","Wed Apr 02 09:31:16 +0000 2025","https://pbs.twimg.com/profile_images/1702183740968239104/y4gnPVUa_normal.jpg","0","0","0","0","4","0","","in","true",,,"false"
"1907361304719094243","https://x.com/maulana_ishann/status/1907361304719094243","@brfelindra Terima kasih Komisi I DPR sudah jadi pelindung kebebasan pers di Indonesia","Wed Apr 02 09:15:46 +0000 2025","https://pbs.twimg.com/profile_images/1696854454384099329/-tcYb26i_normal.jpg","0","0","0","0","10","0","","in","true",,,"false"
"1907358653017104497","https://x.com/krisna_bakti52/status/1907358653017104497","@brfelindra Seneng liat Komisi I DPR RI fokus ke kebebasan pers, semoga RUU Penyiaran bisa tetap dukung jurnalisme bebas","Wed Apr 02 09:05:14 +0000 2025","https://pbs.twimg.com/profile_images/1700757084537851904/W48m950v_normal.jpg","0","0","0","0","13","0","","in","true",,,"false"
"1907349576618852425","https://x.com/remmy_purba2/status/1907349576618852425","@brfelindra Pengawalan ketat dari Komisi I DPR RI buat RUU Penyiaran, keren abis","Wed Apr 02 08:29:10 +0000 2025","https://pbs.twimg.com/profile_images/1718888160720220160/q3QbfWWg_normal.jpg","0","0","0","0","7","0","","in","true",,,"false"
"1907342600576860437","https://x.com/astrida_kaumah4/status/1907342600576860437","@brfelindra Kalian pionir kebebasan pers, Komisi I DPR RI! Jangan lengah dengan RUU Penyiaran","Wed Apr 02 08:01:27 +0000 2025","https://pbs.twimg.com/profile_images/1696427663580389376/Z5Hn_RkN_normal.jpg","0","0","0","0","13","0","","in","true",,,"false"
"1907341776567857377","https://x.com/hana_ps03/status/1907341776567857377","@brfelindra Komisi I DPR RI take a stand, kebebasan pers jadi prioritas top","Wed Apr 02 07:58:10 +0000 2025","https://pbs.twimg.com/profile_images/1701480068739170304/s3tYnxW8_normal.jpg","0","0","0","0","8","0","","in","true",,,"false"
"1907341175025217841","https://x.com/silvi_astuti47/status/1907341175025217841","@brfelindra Tepuk tangan buat DPR yang benar-benar peduli hak jurnalis nih","Wed Apr 02 07:55:47 +0000 2025","https://pbs.twimg.com/profile_images/1701843464776990720/fXtin9H7_normal.jpg","0","0","0","0","4","0","","in","true",,,"false"
"1907336985683112075","https://x.com/ciara_abihaa/status/1907336985683112075","@brfelindra Kita percaya sama Komisi I bahwa hak pers kita tempatnya diutamakan","Wed Apr 02 07:39:08 +0000 2025","https://pbs.twimg.com/profile_images/1694555613202984960/IOsui2EX_normal.jpg","0","0","0","0","3","0","","in","true",,,"false"
"1907330153409384570","https://x.com/fjr_samudra515/status/1907330153409384570","@brfelindra Bikin bangga, kebijakan Komisi I DPR jaga pers tetap merdeka","Wed Apr 02 07:11:59 +0000 2025","https://pbs.twimg.com/profile_images/1701526330377220096/rGh5ECzZ_normal.jpg","0","0","0","0","1","0","","in","true",,,"false"
"1907325301576896581","https://x.com/aurora_usada024/status/1907325301576896581","@brfelindra Terbuka dan berani, Komisi I DPR RI perlu applause soal kebijakan yang jaga kebebasan pers di RUU Penyiaran","Wed Apr 02 06:52:42 +0000 2025","https://pbs.twimg.com/profile_images/1701525438571683840/pICubBkT_normal.jpg","0","0","0","0","8","0","","in","true",,,"false"
"1907321282624188432","https://x.com/yana_novianto/status/1907321282624188432","@brfelindra Komisi I DPR, terima kasih udah jamin kebebasan pers. RUU Penyiaran aman di tangan kalian","Wed Apr 02 06:36:44 +0000 2025","https://pbs.twimg.com/profile_images/1696372801492639744/C74vHBWu_normal.jpg","0","0","0","0","18","0","","in","true",,,"false"
"1907305950601707827","https://x.com/lidya_fujiati/status/1907305950601707827","@brfelindra Makseriously buat tim Komisi I DPR RI, yang terus jaga parameter kebebasan bilang info dalam evaluasi RUU Siaran","Wed Apr 02 05:35:49 +0000 2025","https://pbs.twimg.com/profile_images/1701519905416421376/JuI_22ZR_normal.jpg","0","0","0","0","5","0","","in","true",,,"false"
"1907287159767490603","https://x.com/resta_gulayah/status/1907287159767490603","@brfelindra Komisi I, kalian juaranya menjaga kebebasan pers. Pertahanin semangat ini pas diskusi RUU Penyiaran!","Wed Apr 02 04:21:09 +0000 2025","https://pbs.twimg.com/profile_images/1701081836854951936/m4FgvmbI_normal.jpg","0","0","0","0","11","0","","in","true",,,"false"
"1907276569288257913","https://x.com/widiys_rhma/status/1907276569288257913","@brfelindra Apresiasi penuh buat langkah Komisi I DPR RI menjaga kebebasan pers!","Wed Apr 02 03:39:04 +0000 2025","https://pbs.twimg.com/profile_images/1701449284208779264/zPhEL8pX_normal.jpg","0","0","0","0","2","0","","in","true",,,"false"
"1907273975581098337","https://x.com/widiys_rhma/status/1907273975581098337","@brfelindra Apresiasi penuh buat langkah Komisi I DPR RI menjaga kebebasan pers!","Wed Apr 02 03:28:45 +0000 2025","https://pbs.twimg.com/profile_images/1701449284208779264/zPhEL8pX_normal.jpg","0","0","0","0","2","0","","in","true",,,"false"
"1907259824561360901","https://x.com/dewi_aastuti/status/1907259824561360901","@brfelindra Komisi I, the best, selalu jaga ranah kebebasan pers tetap aman","Wed Apr 02 02:32:32 +0000 2025","https://pbs.twimg.com/profile_images/1700164214663331840/744esDMf_normal.jpg","0","0","0","0","3","0","","in","true",,,"false"
"1907243668026859537","https://x.com/ismail_mail223/status/1907243668026859537","@brfelindra Kebebasan pers kudu bebas hambatan, terima kasih Komisi I DPR udah siaga selalu","Wed Apr 02 01:28:19 +0000 2025","https://pbs.twimg.com/profile_images/1696725011250491392/4lDFmRSa_normal.jpg","0","0","0","0","3","0","","in","true",,,"false"
"1907230150019944490","https://x.com/rrendra_nghro77/status/1907230150019944490","@brfelindra Komisi I DPR langkah konkrit buat kebebasan pers terjaga","Wed Apr 02 00:34:37 +0000 2025","https://pbs.twimg.com/profile_images/1701151517888393216/v5TNIFy6_normal.jpg","0","0","0","0","1","0","","in","true",,,"false"
"1907223882140201464","https://x.com/ayra_mish4/status/1907223882140201464","@brfelindra Komisi I DPR RI genius karena bisa jaga kebebasan pers tetap exist","Wed Apr 02 00:09:42 +0000 2025","https://pbs.twimg.com/profile_images/1696379482536620032/EFYlN1ye_normal.jpg","0","0","0","0","2","0","","in","true",,,"false"
"1907222164606177549","https://x.com/dicky_santo88/status/1907222164606177549","@brfelindra Salut Komisi I DPR RI, berani transparan soal RUU Penyiaran dan tetap jaga kebebasan pers","Wed Apr 02 00:02:53 +0000 2025","https://pbs.twimg.com/profile_images/1701441268478533632/g6AwXa0H_normal.jpg","0","0","0","0","14","0","","in","true",,,"false"
"1907221994049077377","https://x.com/aretha_tahna/status/1907221994049077377","@brfelindra Let's keep support Komisi I DPR RI demi kebebasan pers yang tulus","Wed Apr 02 00:02:12 +0000 2025","https://pbs.twimg.com/profile_images/1696370278010691585/LZdIjkF9_normal.jpg","0","0","0","0","4","0","","in","true",,,"false"
"1907221194769825901","https://x.com/ayu_hastuti462/status/1907221194769825901","@brfelindra Langkah gemilang! Komisi I DPR RI jaga kebebasan pers tetap hidup","Tue Apr 01 23:59:01 +0000 2025","https://pbs.twimg.com/profile_images/1701442197890146304/FafrQA8P_normal.jpg","0","0","0","0","4","0","","in","true",,,"false"
"1907221102633644382","https://x.com/dadi_ardianto/status/1907221102633644382","@brfelindra Komisi I DPR RI bikin kita semua bangga sama negeri ini","Tue Apr 01 23:58:39 +0000 2025","https://pbs.twimg.com/profile_images/1701188879246929920/64nbC9a5_normal.jpg","0","0","0","0","2","0","","in","true",,,"false"
"1907220608636862766","https://x.com/suherman_ubata/status/1907220608636862766","@brfelindra Komisi I DPR, keputusannya keren banget untuk kebebasan pers ini","Tue Apr 01 23:56:42 +0000 2025","https://pbs.twimg.com/profile_images/1701087024579747840/bpNpuNjx_normal.jpg","0","0","0","0","9","0","","in","true",,,"false"
"1907220478571466838","https://x.com/sara_sari12/status/1907220478571466838","@brfelindra Salut buat Komisi I DPR RI yg tetep komit jaga kebebasan pers di Indonesia","Tue Apr 01 23:56:11 +0000 2025","https://pbs.twimg.com/profile_images/1701808360579104768/dWMJ-HsW_normal.jpg","0","0","0","0","6","0","","in","true",,,"false"
"1907216697888817299","https://x.com/icha_pertiwi10/status/1907216697888817299","@brfelindra RUU Penyiaran oke, kebebasan pers aman sentausa berkat DPR RI","Tue Apr 01 23:41:09 +0000 2025","https://pbs.twimg.com/profile_images/1701161451946483712/0JQJyQ2N_normal.jpg","0","0","0","0","11","0","","in","true",,,"false"
"1907216469328646503","https://x.com/prima_jailani/status/1907216469328646503","@brfelindra Komisi I, kebebasan pers harus jadi prioritas skor satu, jangan takut hadapi RUU Penyiaran yang menyeramkan","Tue Apr 01 23:40:15 +0000 2025","https://pbs.twimg.com/profile_images/1701137463744561152/8E-8GgsN_normal.jpg","0","0","0","0","24","0","","in","true",,,"false"
"1907215113045852496","https://x.com/maya_sariiiii/status/1907215113045852496","@brfelindra Komisi I DPR RI jaga kebebasan pers? Top abis, semoga berlanjut","Tue Apr 01 23:34:51 +0000 2025","https://pbs.twimg.com/profile_images/1700818073631244288/om2zgNOm_normal.jpg","0","0","0","0","2","0","","in","true",,,"false"
"1907215047052689726","https://x.com/rianti_dahruya4/status/1907215047052689726","@brfelindra Hidup kebebasan pers, Komisi I DPR RI pahlawan dalam sehari!","Tue Apr 01 23:34:36 +0000 2025","https://pbs.twimg.com/profile_images/1700056570107953152/m-IqxJH2_normal.jpg","0","0","0","0","4","0","","in","true",,,"false"
"1907215024999067939","https://x.com/najwa_hary21/status/1907215024999067939","@brfelindra Pers tetap berdiri tegak dengan dukungan Komisi I DPR RI","Tue Apr 01 23:34:30 +0000 2025","https://pbs.twimg.com/profile_images/1699668819634270208/tm_Ee-tE_normal.jpg","0","0","0","0","7","0","","in","true",,,"false"
"1907212621096587408","https://x.com/ryan_ahmd8/status/1907212621096587408","@brfelindra Semangat terus Komisi I DPR! Kebebasan pers harus tetap terjamin di RUU Penyiaran","Tue Apr 01 23:24:57 +0000 2025","https://pbs.twimg.com/profile_images/1701168481973198848/M-FW1TIp_normal.jpg","0","0","0","0","20","0","","in","true",,,"false"
"1907211574567391257","https://x.com/rizky_hartono4/status/1907211574567391257","@brfelindra Komisi I punya tanggung jawab besar dan mereka jalani dengan gemilang","Tue Apr 01 23:20:48 +0000 2025","https://pbs.twimg.com/profile_images/1696390477661229056/l2WPzkp8_normal.jpg","0","0","0","0","3","0","","in","true",,,"false"
"1907210778530500759","https://x.com/wardi_p99/status/1907210778530500759","@brfelindra Strategi apik dari Komisi I DPR RI demi kebebasan pers terjaga","Tue Apr 01 23:17:38 +0000 2025","https://pbs.twimg.com/profile_images/1701453013804851200/f-VENNOu_normal.jpg","0","0","0","0","4","0","","in","true",,,"false"
"1907210598590689517","https://x.com/rani_cahya03/status/1907210598590689517","@brfelindra Komisi I DPR RI pastikan kita bisa dapet berita tanpa batasan, semoga RUU Penyiarannya bener-bener aman buat pers","Tue Apr 01 23:16:55 +0000 2025","https://pbs.twimg.com/profile_images/1701144237067436032/YEBe7OUF_normal.jpg","0","0","0","0","2","0","","in","true",,,"false"
"1907210172466188717","https://x.com/mifta_janah18/status/1907210172466188717","@brfelindra Komisi I DPR RI pastiin kebebasan pers tetap terjaga itu luar biasa","Tue Apr 01 23:15:14 +0000 2025","https://pbs.twimg.com/profile_images/1701086789887508480/1pHNmPPV_normal.jpg","0","0","0","0","6","0","","in","true",,,"false"
"1907208807832490447","https://x.com/ricard_nanda/status/1907208807832490447","@brfelindra Jangan biarin kebebasan pers terancam, makanya Komisi I DPR RI harus solid dalam memperjuangkan ini di RUU Penyiaran","Tue Apr 01 23:09:48 +0000 2025","https://pbs.twimg.com/profile_images/1696851336929927168/ouNTEiUB_normal.jpg","0","0","0","0","6","0","","in","true",,,"false"
"1907208688756232625","https://x.com/syah_rena6/status/1907208688756232625","@brfelindra Bangga deh sama Komisi I DPR yang pastikan kebebasan pers tidak terancam","Tue Apr 01 23:09:20 +0000 2025","https://pbs.twimg.com/profile_images/1696727197258854401/XaNUEbiw_normal.jpg","0","0","0","0","2","0","","in","true",,,"false"
"1907207946393862246","https://x.com/rafli_akbar772/status/1907207946393862246","@brfelindra Komisi I bisa diandalkan, kebebasan pers jadi perhatian nomor satu biar RUU Penyiaran ga asal","Tue Apr 01 23:06:23 +0000 2025","https://pbs.twimg.com/profile_images/1734195210341818368/Rh3t3E4d_normal.jpg","0","0","0","0","6","0","","in","true",,,"false"
"1907207867457028260","https://x.com/aney_manela/status/1907207867457028260","@brfelindra Komisi I DPR tetap waspada biar kebebasan pers aman, good job","Tue Apr 01 23:06:04 +0000 2025","https://pbs.twimg.com/profile_images/1700072676218511360/GbtNaVTO_normal.jpg","0","0","0","0","7","0","","in","true",,,"false"
"1907207794295730409","https://x.com/hani_putri02/status/1907207794295730409","@brfelindra Bravo buat Komisi I DPR RI, semoga kebebasan pers tetap terjaga meski ada pembahasan mendalam soal RUU Penyiaran","Tue Apr 01 23:05:47 +0000 2025","https://pbs.twimg.com/profile_images/1701129119898202112/S0L0xvUR_normal.jpg","0","0","0","0","5","0","","in","true",,,"false"
"1907207790596329554","https://x.com/ayana_febrina/status/1907207790596329554","@brfelindra Komisi I DPR RI fantastis, pastikan RUU Penyiaran kita ramah pers yang bebas","Tue Apr 01 23:05:46 +0000 2025","https://pbs.twimg.com/profile_images/1700031204819697664/UnE1UYH__normal.jpg","0","0","0","0","7","0","","in","true",,,"false"
"1907207470260584842","https://x.com/khansa_ptr68/status/1907207470260584842","@brfelindra Langkah cerdas dari Komisi I DPR untuk melindungi kebebasan pers","Tue Apr 01 23:04:29 +0000 2025","https://pbs.twimg.com/profile_images/1700055589358075904/CkgHz5Ig_normal.jpg","0","0","0","0","2","0","","in","true",,,"false"
"1907207416737140998","https://x.com/m_ganda55/status/1907207416737140998","@brfelindra Komisi I, terus rawat kebebasan pers kayak ini, kita butuh lingkungan yang sehat","Tue Apr 01 23:04:17 +0000 2025","https://pbs.twimg.com/profile_images/1700057808778252288/NUZPWW9H_normal.jpg","0","0","0","0","2","0","","in","true",,,"false"
"1907207320460984401","https://x.com/yasir_badwi65/status/1907207320460984401","@brfelindra Keren abis, jaga kebebasan pers tetap di depan, Komisi I DPR RI buat kedepan RUU Penyiaran biar sesuai harapan","Tue Apr 01 23:03:54 +0000 2025","https://pbs.twimg.com/profile_images/1701112812209418240/DtsAyrN-_normal.jpg","0","0","0","0","15","0","","in","true",,,"false"
"1907207301259502059","https://x.com/putri_cahya999/status/1907207301259502059","@brfelindra Efek dari Komisi I ternyata super! Kebebasan pers jadi lebih nyaman tanpa rasa takut oleh RUU Penyiaran","Tue Apr 01 23:03:49 +0000 2025","https://pbs.twimg.com/profile_images/1700108769332805632/3FIgfsQm_normal.jpg","0","0","0","0","5","0","","in","true",,,"false"
"1907204958413537557","https://x.com/zainab_syawal/status/1907204958413537557","@brfelindra Komitmen DPR buat pers makin tak terbantahkan sekarang","Tue Apr 01 22:54:30 +0000 2025","https://pbs.twimg.com/profile_images/1701509466532073472/zY7AxFCI_normal.jpg","0","0","0","0","8","0","","in","true",,,"false"
"1907204581043712266","https://x.com/kusuma_ning76/status/1907204581043712266","@brfelindra Salut buat langkah sigap Komisi I menjaga dan memastikan kebebasan pers tetap utuh","Tue Apr 01 22:53:00 +0000 2025","https://pbs.twimg.com/profile_images/1843488199940943877/MI5P4QL6_normal.jpg","0","0","0","0","4","0","","in","true",,,"false"
"1907190449913450659","https://x.com/brfelindra/status/1907190449913450659","Komisi I DPR RI Pastikan RUU Penyiaran Tidak Mengancam Kebebasan Pers Tetap Terjamin #KebebasanPersTerjamin https://t.co/Sa8wGRp5cj","Tue Apr 01 21:56:51 +0000 2025","https://pbs.twimg.com/profile_images/1167430266316439552/HefPt5cB_normal.jpg","212","225","222","0","1768","0","<a href=""https://mobile.twitter.com"" rel=""nofollow"">Twitter Web App</a>","in","false","false","false","false"
"1907420632872370408","https://x.com/wiwi_yanti2/status/1907420632872370408","@brfelindra Seluruh negeri ini ngelihat dan bangga dengan tindakan DPR ini","Wed Apr 02 13:11:31 +0000 2025","https://pbs.twimg.com/profile_images/1701447119314604032/B1cDqr_n_normal.jpg","0","0","0","0","2","0","","in","true",,,"false"
"1907408315963109839","https://x.com/ratu_putri2/status/1907408315963109839","@brfelindra Terima kasih Komisi I, kebebasan pers kalian pegang erat dalam segala situasi","Wed Apr 02 12:22:35 +0000 2025","https://pbs.twimg.com/profile_images/1701141990476521472/ZkXHuHbl_normal.jpg","0","0","0","0","4","0","","in","true",,,"false"
"1907368923638706515","https://x.com/bita_eswit/status/1907368923638706515","@brfelindra Sikap positif Komisi I DPR RI untuk pastikan kebebasan pers tetap terjaga, super!","Wed Apr 02 09:46:03 +0000 2025","https://pbs.twimg.com/profile_images/1700036609599774720/KxBYKNU8_normal.jpg","0","0","0","0","3","0","","in","true",,,"false"
"1907362235921649667","https://x.com/himah_naswa/status/1907362235921649667","@brfelindra Ketegasan Komisi I DPR RI buat kebebasan pers yang gak bisa ditolerir jadi inspirasi banget","Wed Apr 02 09:19:28 +0000 2025","https://pbs.twimg.com/profile_images/1700075408014950400/zxNkNuHK_normal.jpg","0","0","0","0","4","0","","in","true",,,"false"
"1907360395725287781","https://x.com/bayu_setiaku58/status/1907360395725287781","@brfelindra Keren banget kebijakan Komisi I DPR, biar pers tetap lantang bersuara","Wed Apr 02 09:12:10 +0000 2025","https://pbs.twimg.com/profile_images/1701460204960063488/gy3ugRKA_normal.jpg","0","0","0","0","4","0","","in","true",,,"false"
"1907353006729015662","https://x.com/rijal_muslim72/status/1907353006729015662","@brfelindra Ayo dukung Komisi I, biar kebebasan pers bakal terus hidup di segala rupa","Wed Apr 02 08:42:48 +0000 2025","https://pbs.twimg.com/profile_images/1701449487368249344/mfQWhZ0t_normal.jpg","0","0","0","0","3","0","","in","true",,,"false"
"1907349272628195618","https://x.com/rafly_lurus/status/1907349272628195618","@brfelindra Komisi I DPR RI memastikan RUU tidak ancam pers, top class!","Wed Apr 02 08:27:58 +0000 2025","https://pbs.twimg.com/profile_images/1701504991390015489/dn8mdd5o_normal.jpg","0","0","0","0","1","0","","in","true",,,"false"
"1907347804764467327","https://x.com/abinada_syah/status/1907347804764467327","@brfelindra Hebat Komisi I nih, tugas berat amankan kebebasan pers dari ancaman RUU Penyiaran yang bisa datang kapan aja","Wed Apr 02 08:22:08 +0000 2025","https://pbs.twimg.com/profile_images/1694569552846450688/pvbllSVj_normal.jpg","0","0","0","0","16","0","","in","true",,,"false"
"1907341994810024338","https://x.com/jaka_mah7/status/1907341994810024338","@brfelindra Tetap maju Komisi I DPR RI, mengawal RUU Penyiaran yang ramah informasi publik dan kritis buat kebebasan media","Wed Apr 02 07:59:02 +0000 2025","https://pbs.twimg.com/profile_images/1702170510149472256/duTDThWt_normal.jpg","0","0","0","0","11","0","","in","true",,,"false"
"1907334882747118049","https://x.com/lidya_yuni45/status/1907334882747118049","@brfelindra Pastikan suara semua terdengar, Komisi I DPR RI jadi jembatan kita dalam RUU Penyiaran","Wed Apr 02 07:30:47 +0000 2025","https://pbs.twimg.com/profile_images/1702170806921629696/ZyXwdo4-_normal.jpg","0","0","0","0","10","0","","in","true",,,"false"
"1907333716885840240","https://x.com/khairon_hawi/status/1907333716885840240","@brfelindra Kebebasan pers tetap terjangkau berkat perhatian khusus dari Komisi I","Wed Apr 02 07:26:09 +0000 2025","https://pbs.twimg.com/profile_images/1701492492263477248/oDj2A0EU_normal.jpg","0","0","0","0","5","0","","in","true",,,"false"
"1907333555363217610","https://x.com/sari_maryani71/status/1907333555363217610","@brfelindra Diskusi penting bagi publik Komisi I, biar akses informasi yang sehat dan tanpa batas tetap bisa ada","Wed Apr 02 07:25:30 +0000 2025","https://pbs.twimg.com/profile_images/1700427806596026368/TjvvxNjj_normal.jpg","0","0","0","0","10","0","","in","true",,,"false"
"1907322688189980886","https://x.com/queen_pudjiast/status/1907322688189980886","@brfelindra Salut untuk Komisi I yang pastiin RUU Penyiaran ga bikin pers jadi bungkam. Suara jurnalistik harus tetep bebas dong!","Wed Apr 02 06:42:19 +0000 2025","https://pbs.twimg.com/profile_images/1701823836134821888/2hMeF12M_normal.jpg","0","0","0","0","4","0","","in","true",,,"false"
"1907321831696355599","https://x.com/praba_suryono/status/1907321831696355599","@brfelindra Jangan ragu sama langkah Komisi I DPR RI, kebebasan pers adem!","Wed Apr 02 06:38:55 +0000 2025","https://pbs.twimg.com/profile_images/1701484739302141952/1QBNRL8J_normal.jpg","0","0","0","0","2","0","","in","true",,,"false"
"1907314703413674423","https://x.com/Mada_Vior68/status/1907314703413674423","@brfelindra Modal kebebasan pers makin kuat berkat Komisi I DPR RI, lanjutkan!","Wed Apr 02 06:10:36 +0000 2025","https://pbs.twimg.com/profile_images/1701488587089596416/a_AkPcnK_normal.jpg","0","0","0","0","9","0","","in","true",,,"false"
"1907227540051448216","https://x.com/muel_cristin/status/1907227540051448216","@brfelindra Thank you Komisi I, ngebuktiin bahwa kebebasan pers selamanya nomor satu walau RUU Penyiaran membayangi","Wed Apr 02 00:24:14 +0000 2025","https://pbs.twimg.com/profile_images/1700075203152506880/MF3MFD_f_normal.jpg","0","0","0","0","19","0","","in","true",,,"false"
"1907223871872491541","https://x.com/prasetyo_slhdn/status/1907223871872491541","@brfelindra Komisi I DPR RI paham banget cara jaga kebebasan pers lewat RUU Penyiaran","Wed Apr 02 00:09:40 +0000 2025","https://pbs.twimg.com/profile_images/1701143375762890752/ok8Pl2KD_normal.jpg","0","0","0","0","15","0","","in","true",,,"false"
"1907220743236223152","https://x.com/andi_pratma15/status/1907220743236223152","@brfelindra Makin yakin sama Komisi I DPR RI yg terus pastiin kebebasan pers gak terganggu","Tue Apr 01 23:57:14 +0000 2025","https://pbs.twimg.com/profile_images/1843869068153237504/G8t_b3BK_normal.jpg","0","0","0","0","20","0","","in","true",,,"false"
"1907219859815186553","https://x.com/tira_wahyuni66/status/1907219859815186553","@brfelindra Amazing job, Komisi I! Kebebasan pers harus tetep seperti udara segar di tengah pembahasan RUU Penyiaran","Tue Apr 01 23:53:43 +0000 2025","https://pbs.twimg.com/profile_images/1701162447766491136/rRTVn_jN_normal.jpg","0","0","0","0","9","0","","in","true",,,"false"
"1907218756579082473","https://x.com/zidan_saputra16/status/1907218756579082473","@brfelindra Langkah nyata dari Komisi I DPR RI bikin kebebasan pers makin yakin","Tue Apr 01 23:49:20 +0000 2025","https://pbs.twimg.com/profile_images/1700162470231293952/qb6FxucD_normal.jpg","0","0","0","0","3","0","","in","true",,,"false"
"1907218048236531976","https://x.com/slamet_rajata/status/1907218048236531976","@brfelindra Aksi Komisi I DPR RI yang dukung kebebasan pers bikin optimis masa depan","Tue Apr 01 23:46:31 +0000 2025","https://pbs.twimg.com/profile_images/1701122632949886976/kJbMzk5w_normal.jpg","0","0","0","0","4","0","","in","true",,,"false"
"1907217031793090747","https://x.com/fadlan_yudatama/status/1907217031793090747","@brfelindra Apresiasi buat Komisi I DPR RI, pelihara transparansi dari segala segi di batang tubuh RUU Penyiaran","Tue Apr 01 23:42:29 +0000 2025","https://pbs.twimg.com/profile_images/1696768392571830272/r54ex5c__normal.jpg","0","0","0","0","8","0","","in","true",,,"false"
"1907216612274704813","https://x.com/aisha_rmdni/status/1907216612274704813","@brfelindra DPR bukan hanya mimpi, langkah nyata melindungi pers","Tue Apr 01 23:40:49 +0000 2025","https://pbs.twimg.com/profile_images/1701481545893396480/uWpEszoJ_normal.jpg","0","0","0","0","2","0","","in","true",,,"false"
"1907216510126551134","https://x.com/jinawi_kuswoyo/status/1907216510126551134","@brfelindra Bagus Komisi I DPR RI tetap aware soal jaminan kebebasan pers, dan bahas RUU Penyiaran dengan penuh keterbukaan","Tue Apr 01 23:40:25 +0000 2025","https://pbs.twimg.com/profile_images/1701885718531112960/lKjuOM6b_normal.jpg","0","0","0","0","12","0","","in","true",,,"false"
"1907216258787131722","https://x.com/bambang_dody81/status/1907216258787131722","@brfelindra Tetap kritis tapi positif, kayak Komisi I DPR RI yang pastiin kebebasan pers aman dari dampak RUU Penyiaran","Tue Apr 01 23:39:25 +0000 2025","https://pbs.twimg.com/profile_images/1700043976265646080/cfbPv8qb_normal.jpg","0","0","0","0","8","0","","in","true",,,"false"
"1907216005220442432","https://x.com/juan_adryan82/status/1907216005220442432","@brfelindra Ngasih jempol buat Komisi I DPR RI yang concern sama kebebasan pers dalam RUU Penyiaran, semoga selalu terbuka dan transparan","Tue Apr 01 23:38:24 +0000 2025","https://pbs.twimg.com/profile_images/1696720754619174912/eowLVFL6_normal.jpg","0","0","0","0","10","0","","in","true",,,"false"
"1907213885977006175","https://x.com/safiya_indryni/status/1907213885977006175","@brfelindra Jaga kebebasan pers, Komisi I DPR RI beraksi terbaik di RUU Penyiaran","Tue Apr 01 23:29:59 +0000 2025","https://pbs.twimg.com/profile_images/1701805765504512000/kXc-Wa60_normal.jpg","0","0","0","0","9","0","","in","true",,,"false"
"1907213446963409132","https://x.com/ptr_sdrmn5567/status/1907213446963409132","@brfelindra Bersyukur punya Komisi I DPR yang ngertiin pentingnya kebebasan pers","Tue Apr 01 23:28:14 +0000 2025","https://pbs.twimg.com/profile_images/1700058128585576448/wocgWnZ1_normal.jpg","0","0","0","0","3","0","","in","true",,,"false"
"1907211031916798431","https://x.com/rayati_312/status/1907211031916798431","@brfelindra Pemikiran Komisi I DPR RI dalam lindungi kebebasan pers sangat diacungi jempol","Tue Apr 01 23:18:38 +0000 2025","https://pbs.twimg.com/profile_images/1699637524896022528/hGNE6esH_normal.jpg","0","0","0","0","1","0","","in","true",,,"false"
"1907210258592002556","https://x.com/ridwan_sirait8/status/1907210258592002556","@brfelindra Kebebasan pers harus terus terjaga, Komisi I DPR pahlawan kita dalam memastikan hal itu","Tue Apr 01 23:15:34 +0000 2025","https://pbs.twimg.com/profile_images/1709779431907303424/xlcIUT94_normal.jpg","0","0","0","0","4","0","","in","true",,,"false"
"1907210039443783899","https://x.com/dalimin_damanik/status/1907210039443783899","@brfelindra Demi suara bebas, kita butuh DPR kayak gini!","Tue Apr 01 23:14:42 +0000 2025","https://pbs.twimg.com/profile_images/1701899712012640256/YRVG4mpd_normal.jpg","0","0","0","0","3","0","","in","true",,,"false"
"1907210012948365583","https://x.com/sarale_calie25/status/1907210012948365583","@brfelindra Komisi I, tetap jagain pers, ya! Biar kita bisa terus nikmati kebebasan berekspresi","Tue Apr 01 23:14:35 +0000 2025","https://pbs.twimg.com/profile_images/1697086171359358977/Uv9wYAkB_normal.jpg","0","0","0","0","8","0","","in","true",,,"false"
"1907207991465762859","https://x.com/najib_prasetyo2/status/1907207991465762859","@brfelindra Komitmen Komisi I DPR RI nggak kendor demi kebebasan pers saat bahas RUU Penyiaran boleh banget diacungin","Tue Apr 01 23:06:34 +0000 2025","https://pbs.twimg.com/profile_images/1709055621444796417/KxJPtgM5_normal.jpg","0","0","0","0","9","0","","in","true",,,"false"
"1907207225862697463","https://x.com/fitri_rahayu200/status/1907207225862697463","@brfelindra Kerja keras Komisi I buat kebebasan pers jadi kenyataan yang terpenuhi","Tue Apr 01 23:03:31 +0000 2025","https://pbs.twimg.com/profile_images/1833044927917555712/9V5MpbCB_normal.jpg","0","0","0","0","6","0","","in","true",,,"false"
"1907205095898628303","https://x.com/makuta_budiyto/status/1907205095898628303","@brfelindra Komisi I gaspol abis menjaga kebebasan pers! Biar tetap lantang meski digempur RUU Penyiaran","Tue Apr 01 22:55:03 +0000 2025","https://pbs.twimg.com/profile_images/1701448007689080832/NaTtQjd1_normal.jpg","0","0","0","0","6","0","","in","true",,,"false"
"1907204982249766961","https://x.com/zakiyah_alhasni/status/1907204982249766961","@brfelindra Panjat syukur buat kebijakan DPR yang mikirin kebebasan pers","Tue Apr 01 22:54:36 +0000 2025","https://pbs.twimg.com/profile_images/1701116579730374656/rsUAZlrE_normal.jpg","0","0","0","0","19","0","","in","true",,,"false"
"1907204602602348562","https://x.com/zahra_septiani0/status/1907204602602348562","@brfelindra Mantap Komisi I DPR RI, jaga balance di RUU Penyiaran biar kebebasan pers nggak hilang","Tue Apr 01 22:53:06 +0000 2025","https://pbs.twimg.com/profile_images/1701501239203340288/2zZMjtkk_normal.jpg","0","0","0","0","12","0","","in","true",,,"false"
