Source,Target,Weight
0tsutsukiM0n,detikcom,1
0x_pastaMan,anvie,1
0x_pastaMan,neohistoria_id,1
0xsubekti,anonjawa,1
0xsubekti,keyopinionlead,1
101strk,AHEGA0J00NG,1
101strk,TheNugrawesome,1
101strk,chubbyneoguri,1
2komaini_ahmad4,ncuz_3a16,1
4anonimitas,sofiesyarief,1
4anonimitas,wisnu_prasetya,1
6u5tiLiem,Mdy_Asmara1701,1
6u5tiLiem,zer0failed,1
73eb553d74864d6,Aryprasetyo85,1
AJIBdg,AJIIndonesia,1
ASSurakarta1923,tiranosansss,1
A_Ryo77,Tan_Mar3M,1
A_Ryo77,blank0429,2
AbiyRiskifa,grok,2
AbiyRiskifa,nessiejudge,1
Adhit_Android,ELNKNTL,1
AdityaJere89853,DPR_RI,1
AfganPrionggo,EdwrdPatrick,1
AhmadRoyhan33,kikysaputrii,1
AlcierMadh,pandji,1
Aldo_regi15,jackjackparrr,1
Andrejivisi,Mdy_Asmara1701,1
Andrejivisi,adhepur,1
Angka1215,DrEvaChaniago,1
Angka1215,msaid_didu,1
Ardi45055074,JalmowonoArief,1
Ardi45055074,Kimberley_PS08,2
Ardi45055074,barqimunir06,1
Asep_Shelby,Rebornian48,1
Babatmentai,hopemikenzi,1
Bazingarock,ARSIPAJA,1
BintangGuci,corbuzier,1
BonarSiaha55396,mohmahfudmd,1
BongkahI,DPR_RI,1
Brahim_maldini,ernestprakasa,1
Bud_Cavalera,ferrykoto,1
Budisae_,akhlakminus,1
BukanTikus_,ARSIPAJA,1
Burudull,TheEagle_BEN,1
CarolineSarah5,Anak__Ogi,1
CarolineSarah5,StefanAntonio__,1
CarolineSarah5,jokowi,1
CarolineSarah5,kemkominfo,1
ChunZTR,ha____ppare,1
Coklatkejuenk,Nara_IDN,1
Coklatkejuenk,ciumjingyuan,1
Coklatkejuenk,fatherbuysmilk,1
ConeFozz,infoXwor_,1
CryptoOdet,hnirankara,1
Danzo5himura,ARSIPAJA,1
Danzo5himura,tanyakanrl,1
DarahBiroe,PartaiSocmed,1
DarahBiroe,PaulusWijaya007,1
DarahBiroe,ekraf_ri,1
Dasyasmina,SoeTjenMarching,1
DavidBelcrant,ARSIPAJA,1
DavidBelcrant,hnirankara,1
DeniSupriyadi06,007koteka,1
DeniSupriyadi06,03__nakula,1
DeniSupriyadi06,AJIIndonesia,1
DeniSupriyadi06,Anak__Ogi,1
DeniSupriyadi06,AntoniusCDN,1
DeniSupriyadi06,Aryprasetyo85,1
DeniSupriyadi06,KPK_RI,1
DeniSupriyadi06,Miduk17,1
DeniSupriyadi06,NgkongRoses,1
DeniSupriyadi06,erickthohir,1
DeniSupriyadi06,officialMKRI,1
DeniSupriyadi06,serakyut,1
DeniSupriyadi06,seruanhl,1
DeriSepti,ainascnrrmt,1
DeriSepti,yosefikr,1
EndraSept,NarasiNewsroom,1
EndraSept,logos_id,1
EstchenDahl,Wicthd14Ddy,1
EstchenDahl,jstwillians,1
ExThar_ofc,cinnamongirlc,1
ExThar_ofc,nervessean,1
FARHAN2Humanity,okkymadasari,1
FRAKasdf,DamarWibawa,1
Fadlipenyair12,keuangan,1
Fadlipenyair12,keuangannews_id,1
Fai03vrd,pandji,1
FanyRihardi,UXLINKofficial,1
FanyRihardi,onunblocked,1
Firados1,remotivi,1
Frido310595,timpenguinnas,1
Fuzui_jamrd,jstwillians,1
GamesRha,ARSIPAJA,6
GamesRha,B0babobabobabo,2
GamesRha,auzaanf,1
GamesRha,fallingmonstar,6
GamesRha,nuvillaera,6
Gespentser,ARSIPAJA,1
Gespentser,fallingmonstar,1
Giro004,GemaShowIndo,1
Giro004,TrustMe3Buddy,1
Giro004,ernestprakasa,1
Giro004,remotivi,1
GrindingBasara,ardisatriawan,1
GrindingBasara,galihKA,1
GunDawan8,ernestprakasa,1
Gundaaaamn,Purrell_Fiktif,1
HMJUSUFRIZAL,ForHumBUMN,1
HMJUSUFRIZAL,KemenBUMN,1
HMJUSUFRIZAL,ListyoSigitP,1
HMJUSUFRIZAL,SATULSM_LIRA,1
HMJUSUFRIZAL,dewanpers,1
HMJUSUFRIZAL,erickthohir,1
HMJUSUFRIZAL,kadivhumaspolri,1
HMJUSUFRIZAL,usernotfund34,1
Hamdiirawan17,ARSIPAJA,1
Hamdiirawan17,corbuzier,2
Hamdiirawan17,hamba_sahaaya,1
Hamdiirawan17,memefess,1
Hatamian11,30imagi,1
Hatamian11,ShaniBudi,1
Hatamian11,_haye_,1
Hatamian11,bima_ynwa_92,1
Hatamian11,nusapelagos,1
Hiemuzaaa,kumparan,2
Hiemuzaaa,my_starryskyy,1
Hiemuzaaa,setyotomo16,1
IkhsanRevanur,MythiaVTuber,1
Imade_kun,CurhatKRL,1
Imade_kun,ShellyTanoto,1
InilahMojokerto,DPR_RI,1
Ivanien11,KakekHalal,1
Ivanien11,PDI_Perjuangan,1
JackMoon_MikeAK,remotivi,1
JamesHarletv2,kemkominfo,1
JarjitPacul,barengwarga,1
JonKoplomukidi,MichelAdam7__,1
KOPKENTOT,yuniperes,1
KaixaVtuber,Cah_bedor,1
KaixaVtuber,MichelAdam7__,2
KaptenMala44,peter_parkour12,1
KcroxJ,ARSIPAJA,1
KcroxJ,zfhorsed,1
KenDjoko,remotivi,1
KenapaGwWNI,julidah168,1
KenapaGwWNI,regulusaja,1
Kertaaslusuh,ARSIPAJA,1
Kevin_asGudier,pandji,1
KolondamSamuel,Adiprayitno_20,2
KolondamSamuel,Dennysiregar7,1
KolondamSamuel,YNaisunis,1
KolondamSamuel,corbuzier,1
KomnasPerempuan,DPR_RI,1
KrazzyCats,ARSIPAJA,2
KrazzyCats,GamesRha,2
KrazzyCats,fallingmonstar,2
KrazzyCats,nuvillaera,2
KuntoAjiW,txtdrjkt,1
Kusumah94841006,corbuzier,1
LPM_Dinamika,LPMTEROPONGUMSU,1
Leviathan5th,SoundOfYogi,1
LuvVoldermort,heynads_,1
LuvVoldermort,muhhussen,1
LuvVoldermort,villifai,1
LylySophie1,ardisatriawan,1
MW_kahmijaya,beritasatu,1
MarinaPutr,MirnaSari0,1
MashiroJunalx,BudiBukanIntel,1
Merdekja,Heraloebss,1
Merdekja,bacottetangga_,1
Merdekja,celinblink,1
MpRamli,PKSejahtera,1
MrSelimutjiwa,jokoanwar,1
Mr_Sukr0o,ARSIPAJA,1
MusTakim1091,dbluestarqueen,1
MusTakim1091,hnirankara,1
NAUIIEE,directioncee,1
Nafiszabdl27,DPR_RI,1
NasiAking234,DPR_RI,1
NasiAking234,GeiszChalifah,1
NasiAking234,jokowi,1
NidaaIsti,Kopiseduh_,1
NurKhol81980737,DrEvaChaniago,1
Nurulbona,ditanindyak,1
Nurulbona,tanyakanrl,1
P3gEl,Deslini2,1
P3gEl,detikcom,1
P3gEl,geloraco,1
PalletRf,corbuzier,1
PaulusWijaya007,PartaiSocmed,1
PaulusWijaya007,ekraf_ri,1
PemudaBerimpact,corbuzier,1
Pepeokatze,KompasTV,1
Pepeokatze,zip88zing,1
Pixie_Parasols,StefanAntonio__,1
Prasejaya,unilubis,1
Pungki310,mediaindonesia,2
R_Perkasa,arungbudoyo,1
RayaLegawa,CNNIndonesia,1
RayaLegawa,unilubis,2
RedandW96922244,ferrykoto,1
ReeEzzZ25,PartaiSocmed,1
ReeEzzZ25,majorcraftjoe,1
ReeEzzZ25,zldrsliana,1
ReinHeartAster,kemkominfo,1
RenStriveIV,RilMeniir,1
RendyAsharry,Hasbil_Lbs,1
RendyAsharry,kikysaputrii,1
RendyAsharry,pandji,1
RendyAsharry,shbsoffan,1
RifqiBahtiar3,cnbcindonesia,1
RioOchou,DPR_RI,1
RioOchou,puanmaharani_ri,1
RyS_374,DedynurPalakka,1
SETYAKI22965702,Prasety253,1
SRamadhanty03,tilehopper,1
SandyOE988,ARSIPAJA,1
SangraKarisma,ShofwanMuis,1
SangraKarisma,tengklengklewer,1
SangraKarisma,unilubis,1
ScuderiaUnited5,roan_gylberth,1
Serakkuma,akrmidori,1
Simaniakair2,banyakinbobanya,1
Simaniakair2,selphieusagi,1
SimplyWrencc,peter_parkour12,1
Singo_Yudho5,DPR_RI,1
Singo_Yudho5,grok,1
Singo_Yudho5,prabowo,4
Sky_Buz5,CemeNiXapriL,1
Sky_Buz5,ardisatriawan,1
SonanHD,medyrenaldy_,1
SonoraFM92,Miroliaa,1
Studywithtuday,leonagustine,1
Supaidaman_12,timpenguinnas,1
Tampandanbrni,aniesbubble,1
Tampandanbrni,remotivi,1
Tampandanbrni,timpenguinnas,1
TrifanyKim96,akaashikasihku,1
TrifanyKim96,barengwarga,1
TrifanyKim96,yaekaaa2_,1
TrustMe3Buddy,ernestprakasa,1
UnxpectedUxp,tempodotco,1
Uptoyedamie07,remotivi,1
Uptoyedamie07,timpenguinnas,1
ViafaAliph,GeiszChalifah,1
ViafaAliph,OposisiOjol,1
ViafaAliph,PKSejahtera,1
ViafaAliph,msaid_didu,1
WartaKepri,YouTube,1
Wedhuzjr,corbuzier,1
XRenSteve,tanyarlfes,1
XcalbrioAryaK,txtdrimedia,1
Yafi_Nur04,LodhongA,1
Yafi_Nur04,txtdrimedia,1
YttAlx,MythiaVTuber,1
Zaenal58788427,KompasTV,1
Zaenal58788427,akbarfaizal68,1
Zaenal58788427,dewanpers,1
Zaenal58788427,jokowi,1
Zaenal58788427,prabowo,1
Zaenal58788427,temponewsroom,1
Zul691112,jokowi,1
Zul691112,kemkominfo,1
_IhzaFirdaus,nialubis_,1
_balabadik,juvegaristabah,1
_infaustj,malakaprojectid,1
_infaustj,pandji,1
_mediasiber,kabarterkini,2
_rwis26,sukamaung,1
a22i03s,ARSIPAJA,1
a22i03s,fallingmonstar,1
aasikinn27,Iwantrianto6,1
aasikinn27,KompasTV,1
aasikinn27,akbarfaizal68,2
aasikinn27,cakimiNOW,1
aasikinn27,dewanpers,1
aasikinn27,jokowi,1
aasikinn27,kompascom,1
aasikinn27,msaid_didu,2
aasikinn27,prabowo,1
aasikinn27,temponewsroom,1
abedd98,Mdy_Asmara1701,1
abedd98,adhepur,1
abinada_syah,brfelindra,1
ablubukblubuk,WANNABE2YOU,1
absvalueofx,corbuzier,1
adeliadrna,MirnaSari0,1
adxtsn,pangeransiahaan,1
aeueeeh,tilehopper,1
afterlifedie,CNNIndonesia,1
agasemakindepan,tokobintang21,1
ainunzahras,remotivi,1
akbaraja2020,Arie_Kriting,1
akbarsuryaaa_,JayadiZ61514,1
akbarsuryaaa_,PartaiSocmed,1
akbarsuryaaa_,rendi078,1
akhmadsm_181120,KompasTV,1
akmalmaulanaa10,kasintayuraaa,1
al_yulianra,tvindonesiawkwk,1
alexeturco67,tilehopper,1
alfiaansyahpt,MirnaSari0,1
alikhlasmu,YouTube,1
alpukatnuklir,gedangtibo,1
ameliapprmatasz,kasintayuraaa,1
an_ssky,igansep,1
anamazingbali,timpenguinnas,1
andi_chairil,PDI_Perjuangan,1
andiawanfirman,kasintayuraaa,1
andreanmlnn,MirnaSari0,1
anggaa_93,corbuzier,1
anginlewat,Ridwannurm,1
anginlewat,WidasSatyo,1
antarakalbar,antarakalbar,1
archivemeng,samuelpab,1
are_inismyname,Ndons_Back,1
arekbirmingham,corbuzier,1
argentas58,corbuzier,1
ariamansluggish,TxtdariHI,1
ariamansluggish,aldyxcvii,1
arthabima,GenuineHeart11,1
arthabima,kelapamuda0468,1
arthabima,suardanaxxii,1
arthabima,zoelfick,1
astrida_kaumah4,brfelindra,1
aurora_usada024,brfelindra,1
ayana_febrina,brfelindra,1
bainanjia,seijuruou,1
bakko_apiyapi,kikysaputrii,1
bambang314,msaid_didu,1
bambang_dody81,brfelindra,1
banjarmasinpost,banjarmasinpost,1
bapakkausetan,TirtoID,1
bapakkausetan,fahridh2,1
bapakkausetan,grok,1
bapakkausetan,hansbacara,1
bapakkausetan,tempodotco,2
bapakkausetan,wannafigh,1
barengwarga,remotivi,1
bebrykes,ARSIPAJA,1
bellaViztaa,absnthmind,1
beritajatimcom,beritajatimcom,6
billyjoelbob78,cumainfoinaja,1
billyjoelbob78,mosidik,1
bima_setyaputra,tilehopper,1
bintangazhari,Zuherooo,2
bitter_daddy,BocorAlusPol,1
blank0429,A_Ryo77,1
blank0429,Tan_Mar3M,1
bloodpr38214983,Dandhy_Laksono,1
bungaaah_,ARSIPAJA,1
bungaaah_,GamesRha,1
bungaaah_,fallingmonstar,1
bungaaah_,nuvillaera,1
bungbess,tempodotco,1
chsappeal,fourxio,1
citrouillemiam,febrofirdaus,1
clawhs02,DitjenPajakRI,1
clawhs02,jokowi,1
clawhs02,ridwankamil,1
clayiskoro,BERAXnews,1
clayiskoro,Listy9021,1
clayiskoro,corbuzier,1
clayiskoro,dantsus,1
clayiskoro,karinajonkwe,1
cranki_franci,ARSIPAJA,1
cryawan,BocorAlusPol,1
cryawan,BudiBukanIntel,1
cryawan,barengwarga,1
cryawan,samuelpab,1
cukupsatukata_,jokoanwar,1
cyactus,IunarIux,1
daehypeelS_,BudiBukanIntel,1
danurumbara,cakkadull,1
darmrditya,DPR_RI,1
darmrditya,corbuzier,1
daylightemi59,tilehopper,1
de_nada_11,barengwarga,1
detakkaltim,detakkaltim,1
detikcom,detik_sumbagsel,1
deugalih,ipulsingasong,1
devi_pray,ganjarpranowo,1
devi_pray,jokowi,1
devi_pray,mohmahfudmd,1
devi_pray,puanmaharani_ri,1
dicky_santo88,brfelindra,1
dinda876789,arisdogonzalez,1
djurovichad,tilehopper,1
dokterparu,SINDIKASI_,1
dokterparu,remotivi,1
dokterparu,shallypristine,1
dokterparu,timpenguinnas,1
domsumurup,ARSIPAJA,1
drupadawan,BosPurwa,1
drupadawan,Paradox_Buzz,1
duchessofina,guccois,1
ebonXboy,AlpaZuluFoxtrot,2
ebonXboy,Dennysiregar7,2
ebonXboy,ManaluHumiras,1
ebonXboy,summer_sky_001,2
ellsgodmother,ezash,1
erunobi_,EffendiRistriy1,1
erunobi_,Rocky_Antonie,1
erunobi_,Yattie2023,1
erunobi_,adri_7i,1
erunobi_,corbuzier,2
erunobi_,jokowi,1
erunobi_,mas_veel,1
erunobi_,slow_zeze,2
erunobi_,xquitavee,1
erunobi_,zy_zy_its_me,1
eryaneriyan,sosmedkeras,1
eunikero,tanyarlfes,1
f4tl0l,roan_gylberth,1
fabianahahn235,tilehopper,1
fadhlierlanda,Hasbil_Lbs,2
fadilahdifa,kangdede78,1
fadlan_yudatama,brfelindra,1
faisdzaky,WidasSatyo,1
farizrizyy,kegblgnunfaedh,1
fayzul_rafi,saludosparatii,1
fdmncfdmnc,zenrs,1
ferizandra,blank0429,1
ferlanmedian,corbuzier,1
firman__nurhuda,ARSIPAJA,1
firman__nurhuda,DPR_RI,1
firman__nurhuda,G0mb4k,1
firman__nurhuda,cakimiNOW,1
firnasional,asumsico,2
firnasional,en_pau,2
firnasional,msaid_didu,1
flyezam,footycinephile,2
flyezam,lanicolecky,2
flyezam,rezaimamri,2
foxtrotvlrt,MorphoMenelausX,2
foxtrotvlrt,irwndfrry,2
frasaccordi,feedemady,1
frasaccordi,pandji,1
fraviato,theMiniNino,1
frierensaga,BudiBukanIntel,1
frierensaga,PhoenixNauval,1
fufufuf26,grok,2
fufufuf26,jackjackparrr,1
fullchanieee,markajatau,1
fuyukidera78,JPFBASE,1
fuyukidera78,youngjjunie_,1
fxnetizen,wisnu_prasetya,1
gabuterssst,ardisatriawan,1
gabuterssst,corbuzier,1
gambreng__,siomndut,1
gb_sleepy,CNNIndonesia,1
gb_sleepy,DKIJakarta,1
gb_sleepy,hariankompas,1
gb_sleepy,sofiesyarief,1
gearcloudy,YLBHI,1
gearcloudy,grok,2
gearcloudy,zarryhendrik,1
gegeakutampol_,jagatembun,1
gilangdwmny,TirtoID,1
gojodreee,erensyq,1
golkar_id,meutya_hafid,1
gowestid,GoWest,1
grok,AbiyRiskifa,1
grok,Hanif_AF,1
grok,Ndrewstjan,1
grok,RRukminto,1
grok,bete_sama_kamu,1
grok,bfndrk,1
grok,grok,1
grok,muks53741,1
grok,nessiejudge,1
grok,prabowo,1
grok,tempodotco,1
hagogah,ekeckeck,1
hagogah,kelzeg,1
hani_putri02,brfelindra,1
hazmihakam,diidot,1
hegiadhi,ARSIPAJA,1
hegiadhi,dickymmaulana,1
heloo_ko,corbuzier,1
herllynnnn,y0urtalkle,1
heydanang,kumparan,1
hnirankara,Istvannandi,1
hnirankara,MusTakim1091,1
hnirankara,barengwarga,1
hnirankara,dbluestarqueen,1
hnirankara,vita_AVP,1
hpyzzz,kikysaputrii,1
huben92,fraviato,1
hurtherback,rizkidwika,1
iam__stanis,BudiBukanIntel,1
iam__stanis,barengwarga,1
iam__stanis,gearcloudy,1
iam__stanis,jackjackparrr,1
iam__stanis,txtdarimaskael5,1
icha_pertiwi10,brfelindra,1
iiosomnia,BudiBukanIntel,1
iiosomnia,pasifisstate,1
ilatireng,gnzt6,1
ilatireng,idextratime,1
ilatireng,itsnathmf,1
ilatireng,pengacarahandal,1
imamprw,irwndfrry,2
indoict,indoict,6
indraxcahya,ChangeOrg_ID,1
inimahyoga,DraftAnakUnpad,1
inimahyoga,Mythicalforest,1
inimahyoga,wisnu_prasetya,1
internetmain,Dandhy_Laksono,1
isusilani,msaid_didu,1
itsScopoo,BudiBukanIntel,1
itsScopoo,matamu_717,1
itsnathmf,gnzt6,1
itsnathmf,idextratime,1
itsnathmf,ilatireng,1
itsnathmf,pengacarahandal,1
iwalanwar,prabowo,1
iwalanwar,samuelpab,1
jaka_mah7,brfelindra,1
jakartaramble,sicupuh,1
jawirisme,kikysaputrii,1
jinawi_kuswoyo,brfelindra,1
jiungnaling,BocorAlusPol,1
jjkonlyy,kikysaputrii,1
jjkonlyy,timpenguinnas,1
jorgianaaa,listlessspirit,1
jorgianaaa,spacepiquant,1
jotosihotang,H4KARE,1
juan_adryan82,brfelindra,1
juarapsrb,dewanpers,1
jukisan90,prabowo,1
jurnal9dottv,TV9NUsantara,2
jurnal9dottv,ijti_id,2
jurnalpostcom,jurnalpostcom,1
just_insany,bintangemon,1
justkindoftrash,MythiaVTuber,1
justkindoftrash,remotivi,1
jvncs_,IndoPopBase,1
kak_apit90,carelessrizzard,1
kak_apit90,kumparan,2
kanalbali,AJIdenpasar,1
kanalbali,erickest,1
kanalbali,ferykris,1
kanalbali,haripuspita,1
kapon23,barengwarga,1
kastanye__,Heraloebss,1
kaumEAmann,rerepandya,1
ken_fullmetal,ARSIPAJA,1
ken_fullmetal,izoelsaka,1
ken_fullmetal,kozirama,1
kentomiyauraaa,imrenagi,1
keuangannews_id,Keuangan,2
khansaanrf,thafism__,1
kmzkm08,mardiasih,1
knpharuspeduli,dpr_ri,1
kompastv_manado,YouTube,1
konde_co,gmail,2
kopiairhujan08,BocorAlusPol,1
kopitiamtea,aracelst,1
korbankomet,CNNIndonesia,1
korbankomet,afnanboma10,1
korbankomet,bukan4non,1
krienfurge,logos_id,1
krisna_bakti52,brfelindra,1
krrrik_,aromapetrikorr,1
kulabudi,AJIBdg,1
kulabudi,AJIIndonesia,1
kulabudi,DPR_RI,1
kurnialexander,azzamkalakazam,1
kuromajo14,tanyakanrl,1
kwekism,yuniperes,1
letmesleepmate,basebuku,1
lidya_yuni45,brfelindra,1
lipodiana,ruliemaulana,1
listlessspirit,jorgianaaa,1
listlessspirit,spacepiquant,1
lluvianeiva,enicmat,1
lluvianeiva,hambatan_bebas,1
lluvianeiva,jongkokjuk,1
lluvianeiva,tokinyangino,1
lukilibra74,lukilibra74,1
m_radarnew,m_radarnew,2
magrin3045,tilehopper,1
maidina__,kikysaputrii,1
majikanpenjabat,BetaEpsilonPhi,1
makuta_budiyto,brfelindra,1
malin_palimo,hnirankara,1
malin_palimo,ninik_setiawan,1
man07_ip36818,OjolNyambi,1
manukicaumerdu,alisyarief,1
manzAL787597,folkshittmedia,1
martinusnussah,Koran,12
maspaannn,ARSIPAJA,1
maulin_n,Adriandhy,1
maulin_n,KaukusAkademisi,1
maulin_n,hpwiratraman,1
maulin_n,lsj_lawugm,1
maulin_n,pakuite,1
maulin_n,pandji,1
maulin_n,poetratron,1
maulin_n,tsetiady,1
mediasiber_04,DJPPIKominfo,1
mediasiber_04,digitalkominfo,1
mediasiber_04,kabarterkini,2
mediasiber_04,prabowo,1
mediasiber_04,usernotfund34,1
meeeiftah,arucloud,1
meeyeaw,kompascom,1
melianaehe,Coklatjellyy,1
melianaehe,whelyive,1
melplerr,awjen9,1
menaramasjid,tempodotco,1
menuksutrisno,MichelAdam7__,1
mglbr,ChangeOrg_ID,1
milzamrcom,cicibercerita,1
mintoadhi1210,barengwarga,1
miqbalhm1,corbuzier,1
miyuwmiyaw,Mad49841873,1
miyuwmiyaw,PartaiSocmed,1
miyuwmiyaw,RioFl4,1
miyuwmiyaw,rebase_nft,1
modernliferacun,corbuzier,2
modernliferacun,dimstrds,1
muel_cristin,brfelindra,1
muhnur_ilham,pandji,1
munafisk,Dandhy_Laksono,1
munafisk,idbaruid,1
mymo0d,Rigensih,1
mynameishendry,ARSIPAJA,2
mynameishendry,kikysaputrii,1
na_DiemMakarim,corbuzier,1
nadiakputri,kegblgnunfaedh,1
nafizal_mu,salmaptrsyifa,1
najib_prasetyo2,brfelindra,1
nasi_padangenak,axmiraclee,1
nasi_padangenak,timpenguinnas,1
nasi_padangenak,und_cuckoosnest,1
nasrudinmar,DPR_RI,1
naufalfalahfal,cania_citta,1
naufalfalahfal,pandji,1
nd_nughro,aromapetrikorr,1
nd_nughro,sukasukasry,1
nedo_oden,moviemenfes,1
nengherba,meutya_hafid,1
nengherba,nezarpatria,1
neorevolte,aromapetrikorr,1
ngosekgaplek,chocolatyaa,1
nizar_nero27,DaddyMinusSugar,1
nizar_nero27,Tan_Mar3M,1
nonerahm,jokowi,1
norishito09,pandji,1
nugujiya_,hooniethelima,1
nv_chrome,_ranituran,1
oconXBoyy,FaiqHusaen81683,1
oconXBoyy,RadjaRasta_,1
olahankedelai,irwndfrry,1
olanzaphine,ARSIPAJA,1
olanzaphine,spiritblueming,1
olanzaphine,theafragment,1
orangdua_,ardisatriawan,1
orbsshine,barengwarga,1
oryza_wirawan,pandji,1
oryza_wirawan,realfedinuril,1
parlemendjalan,CNNIndonesia,1
peribawangStash,artistsbase,1
petanisaja,Mythicalforest,1
peter_hari,prabowo,1
pie_ceofher,fajarnugros,1
pieflowersky,ARSIPAJA,1
pondngalam,ubsansfess,1
pra47880678,txtdrimedia,1
pras18ter,HumorJonTampan,1
pras18ter,SBYudhoyono,1
pras18ter,prabowo,3
prasetyo_slhdn,brfelindra,1
prfromaga,Gerindra,1
prfromaga,prabowo,1
priiiitt,SiaranBolaLive,1
prima_jailani,brfelindra,1
pulupulumiaw,Barri_2410,1
pulupulumiaw,BudiBukanIntel,1
pulupulumiaw,_IhzaFirdaus,1
pulupulumiaw,barengwarga,1
pulupulumiaw,shadowmonarch39,1
putri_cahya999,brfelindra,1
pwinxrv,temendustin,1
queen_pudjiast,brfelindra,1
radioru20816532,ardisatriawan,1
radixwill,timothyronald22,1
rafli_akbar772,brfelindra,1
rakyatpembaruan,rakyatpembaruan,1
rama7dani,ARSIPAJA,1
rama7dani,CNNIndonesia,1
rama7dani,corbuzier,1
randomnyaakuhh,HabisNontonFilm,1
randomnyaakuhh,pandji,1
raytyyseven,bhagya_loka,1
raytyyseven,tempodotco,1
recyanide,grok,1
recyanide,tempodotco,1
remmy_purba2,brfelindra,1
remotivi,ChangeOrg_ID,1
remotivi,KomnasPerempuan,1
remotivi,saykoji,1
resta_gulayah,brfelindra,1
restumln,kasintayuraaa,1
reubensijokates,angewwie,1
revanagi,oceanbinie,1
rezaimamri,flyezam,1
rezaimamri,footycinephile,1
rezaimamri,lanicolecky,1
ricard_nanda,brfelindra,1
ricizzz,fraviato,1
ricklalana,BudiBukanIntel,1
rickyraz_,helmisatria_,1
ridhoharley,kikysaputrii,1
rinaldidp,ARSIPAJA,1
rioagussetiawan,andikamalreza,1
risfaaa8,nanaakunau,1
robby_rodiyya,MerrMagda,1
ruliemaulana,_haye_,1
ruliemaulana,bungfarid,1
ryan_ahmd8,brfelindra,1
ryu_santos1978,ardisatriawan,1
safiya_indryni,brfelindra,1
san_eclaire,sagitarinoun,1
satyarsa_bk,txtdrimedia,1
sayno_KKN,KompasTV,1
sayno_KKN,kompascom,1
sayno_KKN,puanmaharani_ri,1
scarfacev5778,tilehopper,1
sebenarnyaintel,ramagedd0n,1
secretlifeofnun,Tackcalbmi,1
secretlifeofnun,Widino,1
secretlifeofnun,andri_parcox,1
selviapicauly,DBarkeh49017,1
selviapicauly,pramonoanung,1
selviapicauly,ridwankamil,1
sendalpupus,MikaelDewabrata,1
senikachester,49KDJ51YJH,1
senikachester,cozynnamon,1
senikachester,kegblgnunfaedh,1
senjatanuklir,singingvampir,1
serambinews,tribunnews,2
setengahearti,enumailish,1
sheabuutter_,ARSIPAJA,1
shintaeffendi,sudjiwotedjo,1
shoot_the_sky,senjatanuklir,1
sinardyas,yourbae,1
sinpotv,AJIIndonesia,1
sinpotv,DPR_RI,7
sinpotv,Gerindra,1
sinpotv,MuzaniGerindra,1
sinpotv,NasDem,1
sinpotv,cakimiNOW,1
sinpotv,jokowi,1
sinpotv,prabowo,1
sinpotv,puanmaharani_ri,2
sinpotv,remotivi,1
sirulhaq,jokowi,1
snicktwixchicks,tempodotco,1
someduck_lvr,KemenperinRI,1
someduck_lvr,djaja1995,1
someduck_lvr,frappeelattee,1
soskenthu,mitcukki,1
sosrsaparila,calumhooes,1
sswsmdd37,tilehopper,1
sulistyaninggg,kasintayuraaa,1
sumarsih11,dipanggilwawan,1
supelpowel,twentynarcissus,1
susiloian5,Bambang_Budimab,1
susiloian5,_studyan,1
susiloian5,aniesbaswedan,1
susiloian5,hamdan_thoif,1
sweet_girlyyyy,itsquaileggs,1
tatisamhadi,hariankompas,2
taufikahmd,AJIIndonesia,1
taufikahmd,KasbiIndo,1
taufikahmd,KontraS,1
taufikahmd,PBHI_Nasional,1
taufikahmd,SINDIKASI_,1
taufikahmd,YLBHI,1
taufikahmd,malakaprojectid,1
taufikahmd,remotivi,1
teerdesm,xoxosalman,1
telmidotid,kikysaputrii,1
theMiniNino,fraviato,1
the__1993,roan_gylberth,1
thenextbatutah,KPI,1
thenextbatutah,KPU_ID,1
thenextbatutah,jokoanwar,1
thisismine3x,raffimulyaa,1
tilehopper,remotivi,1
tilehopper,safenetvoice,1
tilehopper,vngnc,1
timbaluss,Dandhy_Laksono,1
timpenguinnas,aniesbubble,1
timpenguinnas,remotivi,3
tinktwtt,jstwillians,1
tio71092401,Y_D_Y_P,1
tipeneee,ARSIPAJA,1
tira_wahyuni66,brfelindra,1
tizaki09,u_nagidon,1
tommysetiady,abigailimuriaa,1
tompocophone,abuhafiz1,1
tompocophone,aidil_rizal2,1
treacher0uz,celliuck,1
tribunjambiku,tribunnews,2
tribunmedan,tribunnews,1
triwahyuutama15,rhgps,1
tukismind,Adriandhy,1
tukismind,ekraf_ri,1
txtdaritaxpayer,BocorAlusPol,1
txtdrstrangers,Istricantikmuu,1
txtdrstrangers,timpenguinnas,1
txtjiminn,gukzie,1
und_cuckoosnest,BangWin04,1
und_cuckoosnest,BocorAlusPol,1
und_cuckoosnest,NurHamidan1,1
und_cuckoosnest,PDI_Perjuangan,2
und_cuckoosnest,SuryaAj81671816,1
und_cuckoosnest,ernestprakasa,1
und_cuckoosnest,zainalamochtar,1
unseisocat,HaveAniesDay,1
utiyanath,ardisatriawan,1
valreeiii,kenxexey,1
vaneloody,jackjackparrr,1
vaneloody,pulupulumiaw,1
verrianto_m,darilautID,1
vio_phile24,sucrethyun,1
voxjournalistkw,jimbotalterego,1
wahjoewebee,kozirama,1
wannafigh,LexWu_13,1
wayangorang1234,PartaiSocmed,1
wh0tvr,ireneclaire202,1
wh0tvr,tanyakanrl,1
whitelioonn,ardisatriawan,1
whitelioonn,chicohakim,1
williamg1808,ARSIPAJA,1
williamg1808,CNNIndonesia,1
williamg1808,DitjenPajakRI,1
williamg1808,IanSalim,1
williamg1808,MasMasBiassaa,1
williamg1808,Mdy_Asmara1701,1
williamg1808,Miduk17,1
williamg1808,PartaiSocmed,1
williamg1808,Serigala_Blue,1
williamg1808,adarwis,1
williamg1808,jokoanwar,1
williamg1808,kompascom,1
williamg1808,prabowo,1
williamg1808,tadanohuma28578,1
williamg1808,whoami884368729,1
wiuindonesia,remotivi,2
xoxoandchoco,aromapetrikorr,1
xoxoandchoco,grok,1
yana_novianto,brfelindra,1
yangmi3prnew,akbarfaizal68,1
yasir_badwi65,brfelindra,1
z0necrypt0,corbuzier,1
zahra_septiani0,brfelindra,1
zenincarr,Conceilted,1
zenonthis,corbuzier,1
zenrs,NarasiNewsroom,1
zenrs,aqfiazfan,1
zenrs,arbysoemandoyo,1
zenrs,narasitv,1
zenrs,sopasia,1
zeroobeyond,biohazzardouz,1
zoel711,pandji,1
zulfikar_k360ib,MythiaVTuber,2
