"author/automatedBy","author/canDm","author/canMediaTag","author/coverPicture","author/createdAt","author/description","author/fastFollowersCount","author/favouritesCount","author/followers","author/following","author/hasCustomTimelines","author/id","author/isAutomated","author/isBlueVerified","author/isTranslator","author/isVerified","author/location","author/mediaCount","author/name","author/pinnedTweetIds/0","author/possiblySensitive","author/profilePicture","author/profile_bio/description","author/profile_bio/entities/description/hashtags/0/indices/0","author/profile_bio/entities/description/hashtags/0/indices/1","author/profile_bio/entities/description/hashtags/0/text","author/profile_bio/entities/description/user_mentions/0/id_str","author/profile_bio/entities/description/user_mentions/0/indices/0","author/profile_bio/entities/description/user_mentions/0/indices/1","author/profile_bio/entities/description/user_mentions/0/name","author/profile_bio/entities/description/user_mentions/0/screen_name","author/profile_bio/entities/url/urls/0/display_url","author/profile_bio/entities/url/urls/0/expanded_url","author/profile_bio/entities/url/urls/0/indices/0","author/profile_bio/entities/url/urls/0/indices/1","author/profile_bio/entities/url/urls/0/url","author/status","author/statusesCount","author/twitterUrl","author/type","author/url","author/userName","quoted_tweet","quoted_tweet/author/automatedBy","quoted_tweet/author/canDm","quoted_tweet/author/canMediaTag","quoted_tweet/author/coverPicture","quoted_tweet/author/createdAt","quoted_tweet/author/description","quoted_tweet/author/fastFollowersCount","quoted_tweet/author/favouritesCount","quoted_tweet/author/followers","quoted_tweet/author/following","quoted_tweet/author/hasCustomTimelines","quoted_tweet/author/id","quoted_tweet/author/isAutomated","quoted_tweet/author/isBlueVerified","quoted_tweet/author/isTranslator","quoted_tweet/author/isVerified","quoted_tweet/author/location","quoted_tweet/author/mediaCount","quoted_tweet/author/name","quoted_tweet/author/pinnedTweetIds/0","quoted_tweet/author/possiblySensitive","quoted_tweet/author/profilePicture","quoted_tweet/author/profile_bio/description","quoted_tweet/author/profile_bio/entities/description/hashtags/0/indices/0","quoted_tweet/author/profile_bio/entities/description/hashtags/0/indices/1","quoted_tweet/author/profile_bio/entities/description/hashtags/0/text","quoted_tweet/author/profile_bio/entities/url/urls/0/display_url","quoted_tweet/author/profile_bio/entities/url/urls/0/expanded_url","quoted_tweet/author/profile_bio/entities/url/urls/0/indices/0","quoted_tweet/author/profile_bio/entities/url/urls/0/indices/1","quoted_tweet/author/profile_bio/entities/url/urls/0/url","quoted_tweet/author/status","quoted_tweet/author/statusesCount","quoted_tweet/author/twitterUrl","quoted_tweet/author/type","quoted_tweet/author/url","quoted_tweet/author/userName","quoted_tweet/bookmarkCount","quoted_tweet/card","quoted_tweet/conversationId","quoted_tweet/createdAt","quoted_tweet/entities/hashtags/0/indices/0","quoted_tweet/entities/hashtags/0/indices/1","quoted_tweet/entities/hashtags/0/text","quoted_tweet/entities/urls/0/display_url","quoted_tweet/entities/urls/0/expanded_url","quoted_tweet/entities/urls/0/indices/0","quoted_tweet/entities/urls/0/indices/1","quoted_tweet/entities/urls/0/url","quoted_tweet/entities/user_mentions/0/id_str","quoted_tweet/entities/user_mentions/0/indices/0","quoted_tweet/entities/user_mentions/0/indices/1","quoted_tweet/entities/user_mentions/0/name","quoted_tweet/entities/user_mentions/0/screen_name","quoted_tweet/entities/user_mentions/1/id_str","quoted_tweet/entities/user_mentions/1/indices/0","quoted_tweet/entities/user_mentions/1/indices/1","quoted_tweet/entities/user_mentions/1/name","quoted_tweet/entities/user_mentions/1/screen_name","quoted_tweet/entities/user_mentions/2/id_str","quoted_tweet/entities/user_mentions/2/indices/0","quoted_tweet/entities/user_mentions/2/indices/1","quoted_tweet/entities/user_mentions/2/name","quoted_tweet/entities/user_mentions/2/screen_name","quoted_tweet/extendedEntities/media/0/additional_media_info/monetizable","quoted_tweet/extendedEntities/media/0/allow_download_status/allow_download","quoted_tweet/extendedEntities/media/0/display_url","quoted_tweet/extendedEntities/media/0/expanded_url","quoted_tweet/extendedEntities/media/0/ext_media_availability/status","quoted_tweet/extendedEntities/media/0/features/large/faces/0/h","quoted_tweet/extendedEntities/media/0/features/large/faces/0/w","quoted_tweet/extendedEntities/media/0/features/large/faces/0/x","quoted_tweet/extendedEntities/media/0/features/large/faces/0/y","quoted_tweet/extendedEntities/media/0/features/large/faces/1/h","quoted_tweet/extendedEntities/media/0/features/large/faces/1/w","quoted_tweet/extendedEntities/media/0/features/large/faces/1/x","quoted_tweet/extendedEntities/media/0/features/large/faces/1/y","quoted_tweet/extendedEntities/media/0/features/orig/faces/0/h","quoted_tweet/extendedEntities/media/0/features/orig/faces/0/w","quoted_tweet/extendedEntities/media/0/features/orig/faces/0/x","quoted_tweet/extendedEntities/media/0/features/orig/faces/0/y","quoted_tweet/extendedEntities/media/0/features/orig/faces/1/h","quoted_tweet/extendedEntities/media/0/features/orig/faces/1/w","quoted_tweet/extendedEntities/media/0/features/orig/faces/1/x","quoted_tweet/extendedEntities/media/0/features/orig/faces/1/y","quoted_tweet/extendedEntities/media/0/id_str","quoted_tweet/extendedEntities/media/0/indices/0","quoted_tweet/extendedEntities/media/0/indices/1","quoted_tweet/extendedEntities/media/0/media_key","quoted_tweet/extendedEntities/media/0/media_results/id","quoted_tweet/extendedEntities/media/0/media_results/result/__typename","quoted_tweet/extendedEntities/media/0/media_results/result/id","quoted_tweet/extendedEntities/media/0/media_results/result/media_key","quoted_tweet/extendedEntities/media/0/media_url_https","quoted_tweet/extendedEntities/media/0/original_info/focus_rects/0/h","quoted_tweet/extendedEntities/media/0/original_info/focus_rects/0/w","quoted_tweet/extendedEntities/media/0/original_info/focus_rects/0/x","quoted_tweet/extendedEntities/media/0/original_info/focus_rects/0/y","quoted_tweet/extendedEntities/media/0/original_info/focus_rects/1/h","quoted_tweet/extendedEntities/media/0/original_info/focus_rects/1/w","quoted_tweet/extendedEntities/media/0/original_info/focus_rects/1/x","quoted_tweet/extendedEntities/media/0/original_info/focus_rects/1/y","quoted_tweet/extendedEntities/media/0/original_info/focus_rects/2/h","quoted_tweet/extendedEntities/media/0/original_info/focus_rects/2/w","quoted_tweet/extendedEntities/media/0/original_info/focus_rects/2/x","quoted_tweet/extendedEntities/media/0/original_info/focus_rects/2/y","quoted_tweet/extendedEntities/media/0/original_info/focus_rects/3/h","quoted_tweet/extendedEntities/media/0/original_info/focus_rects/3/w","quoted_tweet/extendedEntities/media/0/original_info/focus_rects/3/x","quoted_tweet/extendedEntities/media/0/original_info/focus_rects/3/y","quoted_tweet/extendedEntities/media/0/original_info/focus_rects/4/h","quoted_tweet/extendedEntities/media/0/original_info/focus_rects/4/w","quoted_tweet/extendedEntities/media/0/original_info/focus_rects/4/x","quoted_tweet/extendedEntities/media/0/original_info/focus_rects/4/y","quoted_tweet/extendedEntities/media/0/original_info/height","quoted_tweet/extendedEntities/media/0/original_info/width","quoted_tweet/extendedEntities/media/0/sizes/large/h","quoted_tweet/extendedEntities/media/0/sizes/large/w","quoted_tweet/extendedEntities/media/0/type","quoted_tweet/extendedEntities/media/0/url","quoted_tweet/extendedEntities/media/0/video_info/aspect_ratio/0","quoted_tweet/extendedEntities/media/0/video_info/aspect_ratio/1","quoted_tweet/extendedEntities/media/0/video_info/duration_millis","quoted_tweet/extendedEntities/media/0/video_info/variants/0/bitrate","quoted_tweet/extendedEntities/media/0/video_info/variants/0/content_type","quoted_tweet/extendedEntities/media/0/video_info/variants/0/url","quoted_tweet/extendedEntities/media/0/video_info/variants/1/bitrate","quoted_tweet/extendedEntities/media/0/video_info/variants/1/content_type","quoted_tweet/extendedEntities/media/0/video_info/variants/1/url","quoted_tweet/extendedEntities/media/0/video_info/variants/2/bitrate","quoted_tweet/extendedEntities/media/0/video_info/variants/2/content_type","quoted_tweet/extendedEntities/media/0/video_info/variants/2/url","quoted_tweet/extendedEntities/media/0/video_info/variants/3/bitrate","quoted_tweet/extendedEntities/media/0/video_info/variants/3/content_type","quoted_tweet/extendedEntities/media/0/video_info/variants/3/url","quoted_tweet/extendedEntities/media/1/additional_media_info/monetizable","quoted_tweet/extendedEntities/media/1/allow_download_status/allow_download","quoted_tweet/extendedEntities/media/1/display_url","quoted_tweet/extendedEntities/media/1/expanded_url","quoted_tweet/extendedEntities/media/1/ext_media_availability/status","quoted_tweet/extendedEntities/media/1/features/large/faces/0/h","quoted_tweet/extendedEntities/media/1/features/large/faces/0/w","quoted_tweet/extendedEntities/media/1/features/large/faces/0/x","quoted_tweet/extendedEntities/media/1/features/large/faces/0/y","quoted_tweet/extendedEntities/media/1/features/large/faces/1/h","quoted_tweet/extendedEntities/media/1/features/large/faces/1/w","quoted_tweet/extendedEntities/media/1/features/large/faces/1/x","quoted_tweet/extendedEntities/media/1/features/large/faces/1/y","quoted_tweet/extendedEntities/media/1/features/orig/faces/0/h","quoted_tweet/extendedEntities/media/1/features/orig/faces/0/w","quoted_tweet/extendedEntities/media/1/features/orig/faces/0/x","quoted_tweet/extendedEntities/media/1/features/orig/faces/0/y","quoted_tweet/extendedEntities/media/1/features/orig/faces/1/h","quoted_tweet/extendedEntities/media/1/features/orig/faces/1/w","quoted_tweet/extendedEntities/media/1/features/orig/faces/1/x","quoted_tweet/extendedEntities/media/1/features/orig/faces/1/y","quoted_tweet/extendedEntities/media/1/id_str","quoted_tweet/extendedEntities/media/1/indices/0","quoted_tweet/extendedEntities/media/1/indices/1","quoted_tweet/extendedEntities/media/1/media_key","quoted_tweet/extendedEntities/media/1/media_results/id","quoted_tweet/extendedEntities/media/1/media_results/result/__typename","quoted_tweet/extendedEntities/media/1/media_results/result/id","quoted_tweet/extendedEntities/media/1/media_results/result/media_key","quoted_tweet/extendedEntities/media/1/media_url_https","quoted_tweet/extendedEntities/media/1/original_info/focus_rects/0/h","quoted_tweet/extendedEntities/media/1/original_info/focus_rects/0/w","quoted_tweet/extendedEntities/media/1/original_info/focus_rects/0/x","quoted_tweet/extendedEntities/media/1/original_info/focus_rects/0/y","quoted_tweet/extendedEntities/media/1/original_info/focus_rects/1/h","quoted_tweet/extendedEntities/media/1/original_info/focus_rects/1/w","quoted_tweet/extendedEntities/media/1/original_info/focus_rects/1/x","quoted_tweet/extendedEntities/media/1/original_info/focus_rects/1/y","quoted_tweet/extendedEntities/media/1/original_info/focus_rects/2/h","quoted_tweet/extendedEntities/media/1/original_info/focus_rects/2/w","quoted_tweet/extendedEntities/media/1/original_info/focus_rects/2/x","quoted_tweet/extendedEntities/media/1/original_info/focus_rects/2/y","quoted_tweet/extendedEntities/media/1/original_info/focus_rects/3/h","quoted_tweet/extendedEntities/media/1/original_info/focus_rects/3/w","quoted_tweet/extendedEntities/media/1/original_info/focus_rects/3/x","quoted_tweet/extendedEntities/media/1/original_info/focus_rects/3/y","quoted_tweet/extendedEntities/media/1/original_info/focus_rects/4/h","quoted_tweet/extendedEntities/media/1/original_info/focus_rects/4/w","quoted_tweet/extendedEntities/media/1/original_info/focus_rects/4/x","quoted_tweet/extendedEntities/media/1/original_info/focus_rects/4/y","quoted_tweet/extendedEntities/media/1/original_info/height","quoted_tweet/extendedEntities/media/1/original_info/width","quoted_tweet/extendedEntities/media/1/sizes/large/h","quoted_tweet/extendedEntities/media/1/sizes/large/w","quoted_tweet/extendedEntities/media/1/type","quoted_tweet/extendedEntities/media/1/url","quoted_tweet/extendedEntities/media/1/video_info/aspect_ratio/0","quoted_tweet/extendedEntities/media/1/video_info/aspect_ratio/1","quoted_tweet/extendedEntities/media/1/video_info/duration_millis","quoted_tweet/extendedEntities/media/1/video_info/variants/0/bitrate","quoted_tweet/extendedEntities/media/1/video_info/variants/0/content_type","quoted_tweet/extendedEntities/media/1/video_info/variants/0/url","quoted_tweet/extendedEntities/media/1/video_info/variants/1/bitrate","quoted_tweet/extendedEntities/media/1/video_info/variants/1/content_type","quoted_tweet/extendedEntities/media/1/video_info/variants/1/url","quoted_tweet/extendedEntities/media/1/video_info/variants/2/bitrate","quoted_tweet/extendedEntities/media/1/video_info/variants/2/content_type","quoted_tweet/extendedEntities/media/1/video_info/variants/2/url","quoted_tweet/extendedEntities/media/1/video_info/variants/3/bitrate","quoted_tweet/extendedEntities/media/1/video_info/variants/3/content_type","quoted_tweet/extendedEntities/media/1/video_info/variants/3/url","quoted_tweet/id","quoted_tweet/inReplyToId","quoted_tweet/inReplyToUserId","quoted_tweet/inReplyToUsername","quoted_tweet/isConversationControlled","quoted_tweet/isPinned","quoted_tweet/isQuote","quoted_tweet/isReply","quoted_tweet/lang","quoted_tweet/likeCount","quoted_tweet/quoteCount","quoted_tweet/quoted_tweet","quoted_tweet/quoted_tweet/bookmarkCount","quoted_tweet/quoted_tweet/card","quoted_tweet/quoted_tweet/conversationId","quoted_tweet/quoted_tweet/createdAt","quoted_tweet/quoted_tweet/id","quoted_tweet/quoted_tweet/inReplyToId","quoted_tweet/quoted_tweet/inReplyToUserId","quoted_tweet/quoted_tweet/inReplyToUsername","quoted_tweet/quoted_tweet/isConversationControlled","quoted_tweet/quoted_tweet/isPinned","quoted_tweet/quoted_tweet/isReply","quoted_tweet/quoted_tweet/lang","quoted_tweet/quoted_tweet/likeCount","quoted_tweet/quoted_tweet/quoteCount","quoted_tweet/quoted_tweet/quoted_tweet","quoted_tweet/quoted_tweet/quoted_tweet_results","quoted_tweet/quoted_tweet/replyCount","quoted_tweet/quoted_tweet/reply_to_user_results","quoted_tweet/quoted_tweet/retweetCount","quoted_tweet/quoted_tweet/retweeted_tweet","quoted_tweet/quoted_tweet/source","quoted_tweet/quoted_tweet/text","quoted_tweet/quoted_tweet/twitterUrl","quoted_tweet/quoted_tweet/type","quoted_tweet/quoted_tweet/url","quoted_tweet/quoted_tweet/viewCount","quoted_tweet/quoted_tweet_results","quoted_tweet/quoted_tweet_results/rest_id","quoted_tweet/quoted_tweet_results/result/__typename","quoted_tweet/quoted_tweet_results/result/rest_id","quoted_tweet/replyCount","quoted_tweet/reply_to_user_results","quoted_tweet/retweetCount","quoted_tweet/retweeted_tweet","quoted_tweet/source","quoted_tweet/text","quoted_tweet/twitterUrl","quoted_tweet/type","quoted_tweet/url","quoted_tweet/viewCount","inReplyToUserId","reply_to_user_results","reply_to_user_results/rest_id","reply_to_user_results/result/__typename","reply_to_user_results/result/core/screen_name","reply_to_user_results/result/message","reply_to_user_results/result/rest_id","reply_to_user_results/result/unavailable_reason","quoteCount","createdAt","isReply","retweeted_tweet","retweetCount","replyCount","viewCount","source","quoted_tweet_results","quoted_tweet_results/rest_id","quoted_tweet_results/result/__typename","quoted_tweet_results/result/core/user_results/rest_id","quoted_tweet_results/result/core/user_results/result/__typename","quoted_tweet_results/result/core/user_results/result/action_counts/favorites_count","quoted_tweet_results/result/core/user_results/result/avatar/image_url","quoted_tweet_results/result/core/user_results/result/banner/image_url","quoted_tweet_results/result/core/user_results/result/core/created_at","quoted_tweet_results/result/core/user_results/result/core/name","quoted_tweet_results/result/core/user_results/result/core/screen_name","quoted_tweet_results/result/core/user_results/result/dm_permissions/can_dm","quoted_tweet_results/result/core/user_results/result/exclusive_tweet_following","quoted_tweet_results/result/core/user_results/result/location/location","quoted_tweet_results/result/core/user_results/result/media_permissions/can_media_tag","quoted_tweet_results/result/core/user_results/result/pinned_items/tweet_ids_str/0","quoted_tweet_results/result/core/user_results/result/private_super_following","quoted_tweet_results/result/core/user_results/result/profile_bio/description","quoted_tweet_results/result/core/user_results/result/profile_bio/entities/description/hashtags/0/indices/0","quoted_tweet_results/result/core/user_results/result/profile_bio/entities/description/hashtags/0/indices/1","quoted_tweet_results/result/core/user_results/result/profile_bio/entities/description/hashtags/0/text","quoted_tweet_results/result/core/user_results/result/profile_bio/entities/url/urls/0/display_url","quoted_tweet_results/result/core/user_results/result/profile_bio/entities/url/urls/0/expanded_url","quoted_tweet_results/result/core/user_results/result/profile_bio/entities/url/urls/0/indices/0","quoted_tweet_results/result/core/user_results/result/profile_bio/entities/url/urls/0/indices/1","quoted_tweet_results/result/core/user_results/result/profile_bio/entities/url/urls/0/url","quoted_tweet_results/result/core/user_results/result/profile_metadata/profile_interstitial_type","quoted_tweet_results/result/core/user_results/result/profile_metadata/profile_link_color","quoted_tweet_results/result/core/user_results/result/profile_translation/translator_type_enum","quoted_tweet_results/result/core/user_results/result/properties/has_extended_profile","quoted_tweet_results/result/core/user_results/result/relationship_counts/followers","quoted_tweet_results/result/core/user_results/result/relationship_counts/following","quoted_tweet_results/result/core/user_results/result/rest_id","quoted_tweet_results/result/core/user_results/result/super_follow_eligible","quoted_tweet_results/result/core/user_results/result/super_followed_by","quoted_tweet_results/result/core/user_results/result/super_following","quoted_tweet_results/result/core/user_results/result/tweet_counts/media_tweets","quoted_tweet_results/result/core/user_results/result/tweet_counts/tweets","quoted_tweet_results/result/core/user_results/result/verification/is_blue_verified","quoted_tweet_results/result/core/user_results/result/website/url","quoted_tweet_results/result/edit_control/__typename","quoted_tweet_results/result/edit_control/edit_tweet_ids/0","quoted_tweet_results/result/edit_control/editable_until_msecs","quoted_tweet_results/result/edit_control/edits_remaining","quoted_tweet_results/result/edit_control/is_edit_eligible","quoted_tweet_results/result/is_translatable","quoted_tweet_results/result/legacy/bookmark_count","quoted_tweet_results/result/legacy/conversation_id_str","quoted_tweet_results/result/legacy/created_at","quoted_tweet_results/result/legacy/display_text_range/0","quoted_tweet_results/result/legacy/display_text_range/1","quoted_tweet_results/result/legacy/entities/hashtags/0/indices/0","quoted_tweet_results/result/legacy/entities/hashtags/0/indices/1","quoted_tweet_results/result/legacy/entities/hashtags/0/text","quoted_tweet_results/result/legacy/entities/urls/0/display_url","quoted_tweet_results/result/legacy/entities/urls/0/expanded_url","quoted_tweet_results/result/legacy/entities/urls/0/indices/0","quoted_tweet_results/result/legacy/entities/urls/0/indices/1","quoted_tweet_results/result/legacy/entities/urls/0/url","quoted_tweet_results/result/legacy/entities/user_mentions/0/id_str","quoted_tweet_results/result/legacy/entities/user_mentions/0/indices/0","quoted_tweet_results/result/legacy/entities/user_mentions/0/indices/1","quoted_tweet_results/result/legacy/entities/user_mentions/0/name","quoted_tweet_results/result/legacy/entities/user_mentions/0/screen_name","quoted_tweet_results/result/legacy/entities/user_mentions/1/id_str","quoted_tweet_results/result/legacy/entities/user_mentions/1/indices/0","quoted_tweet_results/result/legacy/entities/user_mentions/1/indices/1","quoted_tweet_results/result/legacy/entities/user_mentions/1/name","quoted_tweet_results/result/legacy/entities/user_mentions/1/screen_name","quoted_tweet_results/result/legacy/entities/user_mentions/2/id_str","quoted_tweet_results/result/legacy/entities/user_mentions/2/indices/0","quoted_tweet_results/result/legacy/entities/user_mentions/2/indices/1","quoted_tweet_results/result/legacy/entities/user_mentions/2/name","quoted_tweet_results/result/legacy/entities/user_mentions/2/screen_name","quoted_tweet_results/result/legacy/extended_entities/media/0/additional_media_info/monetizable","quoted_tweet_results/result/legacy/extended_entities/media/0/allow_download_status/allow_download","quoted_tweet_results/result/legacy/extended_entities/media/0/display_url","quoted_tweet_results/result/legacy/extended_entities/media/0/expanded_url","quoted_tweet_results/result/legacy/extended_entities/media/0/ext_media_availability/status","quoted_tweet_results/result/legacy/extended_entities/media/0/features/large/faces/0/h","quoted_tweet_results/result/legacy/extended_entities/media/0/features/large/faces/0/w","quoted_tweet_results/result/legacy/extended_entities/media/0/features/large/faces/0/x","quoted_tweet_results/result/legacy/extended_entities/media/0/features/large/faces/0/y","quoted_tweet_results/result/legacy/extended_entities/media/0/features/large/faces/1/h","quoted_tweet_results/result/legacy/extended_entities/media/0/features/large/faces/1/w","quoted_tweet_results/result/legacy/extended_entities/media/0/features/large/faces/1/x","quoted_tweet_results/result/legacy/extended_entities/media/0/features/large/faces/1/y","quoted_tweet_results/result/legacy/extended_entities/media/0/features/orig/faces/0/h","quoted_tweet_results/result/legacy/extended_entities/media/0/features/orig/faces/0/w","quoted_tweet_results/result/legacy/extended_entities/media/0/features/orig/faces/0/x","quoted_tweet_results/result/legacy/extended_entities/media/0/features/orig/faces/0/y","quoted_tweet_results/result/legacy/extended_entities/media/0/features/orig/faces/1/h","quoted_tweet_results/result/legacy/extended_entities/media/0/features/orig/faces/1/w","quoted_tweet_results/result/legacy/extended_entities/media/0/features/orig/faces/1/x","quoted_tweet_results/result/legacy/extended_entities/media/0/features/orig/faces/1/y","quoted_tweet_results/result/legacy/extended_entities/media/0/id_str","quoted_tweet_results/result/legacy/extended_entities/media/0/indices/0","quoted_tweet_results/result/legacy/extended_entities/media/0/indices/1","quoted_tweet_results/result/legacy/extended_entities/media/0/media_key","quoted_tweet_results/result/legacy/extended_entities/media/0/media_results/id","quoted_tweet_results/result/legacy/extended_entities/media/0/media_results/result/__typename","quoted_tweet_results/result/legacy/extended_entities/media/0/media_results/result/id","quoted_tweet_results/result/legacy/extended_entities/media/0/media_results/result/media_key","quoted_tweet_results/result/legacy/extended_entities/media/0/media_url_https","quoted_tweet_results/result/legacy/extended_entities/media/0/original_info/focus_rects/0/h","quoted_tweet_results/result/legacy/extended_entities/media/0/original_info/focus_rects/0/w","quoted_tweet_results/result/legacy/extended_entities/media/0/original_info/focus_rects/0/x","quoted_tweet_results/result/legacy/extended_entities/media/0/original_info/focus_rects/0/y","quoted_tweet_results/result/legacy/extended_entities/media/0/original_info/focus_rects/1/h","quoted_tweet_results/result/legacy/extended_entities/media/0/original_info/focus_rects/1/w","quoted_tweet_results/result/legacy/extended_entities/media/0/original_info/focus_rects/1/x","quoted_tweet_results/result/legacy/extended_entities/media/0/original_info/focus_rects/1/y","quoted_tweet_results/result/legacy/extended_entities/media/0/original_info/focus_rects/2/h","quoted_tweet_results/result/legacy/extended_entities/media/0/original_info/focus_rects/2/w","quoted_tweet_results/result/legacy/extended_entities/media/0/original_info/focus_rects/2/x","quoted_tweet_results/result/legacy/extended_entities/media/0/original_info/focus_rects/2/y","quoted_tweet_results/result/legacy/extended_entities/media/0/original_info/focus_rects/3/h","quoted_tweet_results/result/legacy/extended_entities/media/0/original_info/focus_rects/3/w","quoted_tweet_results/result/legacy/extended_entities/media/0/original_info/focus_rects/3/x","quoted_tweet_results/result/legacy/extended_entities/media/0/original_info/focus_rects/3/y","quoted_tweet_results/result/legacy/extended_entities/media/0/original_info/focus_rects/4/h","quoted_tweet_results/result/legacy/extended_entities/media/0/original_info/focus_rects/4/w","quoted_tweet_results/result/legacy/extended_entities/media/0/original_info/focus_rects/4/x","quoted_tweet_results/result/legacy/extended_entities/media/0/original_info/focus_rects/4/y","quoted_tweet_results/result/legacy/extended_entities/media/0/original_info/height","quoted_tweet_results/result/legacy/extended_entities/media/0/original_info/width","quoted_tweet_results/result/legacy/extended_entities/media/0/sizes/large/h","quoted_tweet_results/result/legacy/extended_entities/media/0/sizes/large/w","quoted_tweet_results/result/legacy/extended_entities/media/0/type","quoted_tweet_results/result/legacy/extended_entities/media/0/url","quoted_tweet_results/result/legacy/extended_entities/media/0/video_info/aspect_ratio/0","quoted_tweet_results/result/legacy/extended_entities/media/0/video_info/aspect_ratio/1","quoted_tweet_results/result/legacy/extended_entities/media/0/video_info/duration_millis","quoted_tweet_results/result/legacy/extended_entities/media/0/video_info/variants/0/bitrate","quoted_tweet_results/result/legacy/extended_entities/media/0/video_info/variants/0/content_type","quoted_tweet_results/result/legacy/extended_entities/media/0/video_info/variants/0/url","quoted_tweet_results/result/legacy/extended_entities/media/0/video_info/variants/1/bitrate","quoted_tweet_results/result/legacy/extended_entities/media/0/video_info/variants/1/content_type","quoted_tweet_results/result/legacy/extended_entities/media/0/video_info/variants/1/url","quoted_tweet_results/result/legacy/extended_entities/media/0/video_info/variants/2/bitrate","quoted_tweet_results/result/legacy/extended_entities/media/0/video_info/variants/2/content_type","quoted_tweet_results/result/legacy/extended_entities/media/0/video_info/variants/2/url","quoted_tweet_results/result/legacy/extended_entities/media/0/video_info/variants/3/bitrate","quoted_tweet_results/result/legacy/extended_entities/media/0/video_info/variants/3/content_type","quoted_tweet_results/result/legacy/extended_entities/media/0/video_info/variants/3/url","quoted_tweet_results/result/legacy/extended_entities/media/1/additional_media_info/monetizable","quoted_tweet_results/result/legacy/extended_entities/media/1/allow_download_status/allow_download","quoted_tweet_results/result/legacy/extended_entities/media/1/display_url","quoted_tweet_results/result/legacy/extended_entities/media/1/expanded_url","quoted_tweet_results/result/legacy/extended_entities/media/1/ext_media_availability/status","quoted_tweet_results/result/legacy/extended_entities/media/1/features/large/faces/0/h","quoted_tweet_results/result/legacy/extended_entities/media/1/features/large/faces/0/w","quoted_tweet_results/result/legacy/extended_entities/media/1/features/large/faces/0/x","quoted_tweet_results/result/legacy/extended_entities/media/1/features/large/faces/0/y","quoted_tweet_results/result/legacy/extended_entities/media/1/features/large/faces/1/h","quoted_tweet_results/result/legacy/extended_entities/media/1/features/large/faces/1/w","quoted_tweet_results/result/legacy/extended_entities/media/1/features/large/faces/1/x","quoted_tweet_results/result/legacy/extended_entities/media/1/features/large/faces/1/y","quoted_tweet_results/result/legacy/extended_entities/media/1/features/orig/faces/0/h","quoted_tweet_results/result/legacy/extended_entities/media/1/features/orig/faces/0/w","quoted_tweet_results/result/legacy/extended_entities/media/1/features/orig/faces/0/x","quoted_tweet_results/result/legacy/extended_entities/media/1/features/orig/faces/0/y","quoted_tweet_results/result/legacy/extended_entities/media/1/features/orig/faces/1/h","quoted_tweet_results/result/legacy/extended_entities/media/1/features/orig/faces/1/w","quoted_tweet_results/result/legacy/extended_entities/media/1/features/orig/faces/1/x","quoted_tweet_results/result/legacy/extended_entities/media/1/features/orig/faces/1/y","quoted_tweet_results/result/legacy/extended_entities/media/1/id_str","quoted_tweet_results/result/legacy/extended_entities/media/1/indices/0","quoted_tweet_results/result/legacy/extended_entities/media/1/indices/1","quoted_tweet_results/result/legacy/extended_entities/media/1/media_key","quoted_tweet_results/result/legacy/extended_entities/media/1/media_results/id","quoted_tweet_results/result/legacy/extended_entities/media/1/media_results/result/__typename","quoted_tweet_results/result/legacy/extended_entities/media/1/media_results/result/id","quoted_tweet_results/result/legacy/extended_entities/media/1/media_results/result/media_key","quoted_tweet_results/result/legacy/extended_entities/media/1/media_url_https","quoted_tweet_results/result/legacy/extended_entities/media/1/original_info/focus_rects/0/h","quoted_tweet_results/result/legacy/extended_entities/media/1/original_info/focus_rects/0/w","quoted_tweet_results/result/legacy/extended_entities/media/1/original_info/focus_rects/0/x","quoted_tweet_results/result/legacy/extended_entities/media/1/original_info/focus_rects/0/y","quoted_tweet_results/result/legacy/extended_entities/media/1/original_info/focus_rects/1/h","quoted_tweet_results/result/legacy/extended_entities/media/1/original_info/focus_rects/1/w","quoted_tweet_results/result/legacy/extended_entities/media/1/original_info/focus_rects/1/x","quoted_tweet_results/result/legacy/extended_entities/media/1/original_info/focus_rects/1/y","quoted_tweet_results/result/legacy/extended_entities/media/1/original_info/focus_rects/2/h","quoted_tweet_results/result/legacy/extended_entities/media/1/original_info/focus_rects/2/w","quoted_tweet_results/result/legacy/extended_entities/media/1/original_info/focus_rects/2/x","quoted_tweet_results/result/legacy/extended_entities/media/1/original_info/focus_rects/2/y","quoted_tweet_results/result/legacy/extended_entities/media/1/original_info/focus_rects/3/h","quoted_tweet_results/result/legacy/extended_entities/media/1/original_info/focus_rects/3/w","quoted_tweet_results/result/legacy/extended_entities/media/1/original_info/focus_rects/3/x","quoted_tweet_results/result/legacy/extended_entities/media/1/original_info/focus_rects/3/y","quoted_tweet_results/result/legacy/extended_entities/media/1/original_info/focus_rects/4/h","quoted_tweet_results/result/legacy/extended_entities/media/1/original_info/focus_rects/4/w","quoted_tweet_results/result/legacy/extended_entities/media/1/original_info/focus_rects/4/x","quoted_tweet_results/result/legacy/extended_entities/media/1/original_info/focus_rects/4/y","quoted_tweet_results/result/legacy/extended_entities/media/1/original_info/height","quoted_tweet_results/result/legacy/extended_entities/media/1/original_info/width","quoted_tweet_results/result/legacy/extended_entities/media/1/sizes/large/h","quoted_tweet_results/result/legacy/extended_entities/media/1/sizes/large/w","quoted_tweet_results/result/legacy/extended_entities/media/1/type","quoted_tweet_results/result/legacy/extended_entities/media/1/url","quoted_tweet_results/result/legacy/extended_entities/media/1/video_info/aspect_ratio/0","quoted_tweet_results/result/legacy/extended_entities/media/1/video_info/aspect_ratio/1","quoted_tweet_results/result/legacy/extended_entities/media/1/video_info/duration_millis","quoted_tweet_results/result/legacy/extended_entities/media/1/video_info/variants/0/bitrate","quoted_tweet_results/result/legacy/extended_entities/media/1/video_info/variants/0/content_type","quoted_tweet_results/result/legacy/extended_entities/media/1/video_info/variants/0/url","quoted_tweet_results/result/legacy/extended_entities/media/1/video_info/variants/1/bitrate","quoted_tweet_results/result/legacy/extended_entities/media/1/video_info/variants/1/content_type","quoted_tweet_results/result/legacy/extended_entities/media/1/video_info/variants/1/url","quoted_tweet_results/result/legacy/extended_entities/media/1/video_info/variants/2/bitrate","quoted_tweet_results/result/legacy/extended_entities/media/1/video_info/variants/2/content_type","quoted_tweet_results/result/legacy/extended_entities/media/1/video_info/variants/2/url","quoted_tweet_results/result/legacy/extended_entities/media/1/video_info/variants/3/bitrate","quoted_tweet_results/result/legacy/extended_entities/media/1/video_info/variants/3/content_type","quoted_tweet_results/result/legacy/extended_entities/media/1/video_info/variants/3/url","quoted_tweet_results/result/legacy/favorite_count","quoted_tweet_results/result/legacy/full_text","quoted_tweet_results/result/legacy/in_reply_to_status_id_str","quoted_tweet_results/result/legacy/is_quote_status","quoted_tweet_results/result/legacy/lang","quoted_tweet_results/result/legacy/possibly_sensitive_editable","quoted_tweet_results/result/legacy/quote_count","quoted_tweet_results/result/legacy/quoted_status_id_str","quoted_tweet_results/result/legacy/quoted_status_permalink/display","quoted_tweet_results/result/legacy/quoted_status_permalink/expanded","quoted_tweet_results/result/legacy/quoted_status_permalink/url","quoted_tweet_results/result/legacy/reply_count","quoted_tweet_results/result/legacy/retweet_count","quoted_tweet_results/result/legacy/user_id_str","quoted_tweet_results/result/quoted_tweet_results/rest_id","quoted_tweet_results/result/quoted_tweet_results/result/__typename","quoted_tweet_results/result/quoted_tweet_results/result/rest_id","quoted_tweet_results/result/rest_id","quoted_tweet_results/result/unmention_data/id","quoted_tweet_results/result/view_count_info/count","quoted_tweet_results/result/view_count_info/state","inReplyToUsername","isQuote","text","likeCount"
,"false","false","https://pbs.twimg.com/profile_banners/1337668434/1737708851","Mon Apr 08 21:37:49 +0000 2013","","0","1737","14489","662","true","1337668434","false","false","false","false","Yogyakarta","1041","nordlig støj","1281777925436477440","false","https://pbs.twimg.com/profile_images/1962695057368371200/UpBmZEQc_normal.jpg","1976",,,,,,,,,,,,,,"","21033","https://twitter.com/northerncsl","user","https://x.com/northerncsl","northerncsl",,,,,,,,,,,,,,,,,,,,,,,,,,,,,,,,,,,,,,,,,,,,,,,,,,,,,,,,,,,,,,,,,,,,,,,,,,,,,,,,,,,,,,,,,,,,,,,,,,,,,,,,,,,,,,,,,,,,,,,,,,,,,,,,,,,,,,,,,,,,,,,,,,,,,,,,,,,,,,,,,,,,,,,,,,,,,,,,,,,,,,,,,,,,,,,,,,,,,,,,,,,,,,,,,,,,,,,,,,,,,,,,,,,,,,,,,,,,,,,,,,,,,,,,,,,,,,,,,,,,"1337668434",,"1337668434","User","northerncsl",,"1337668434",,"0","Fri Sep 27 08:54:00 +0000 2024","true",,"1","0","548","",,,,,,,,,,,,,,,,,,,,,,,,,,,,,,,,,,,,,,,,,,,,,,,,,,,,,,,,,,,,,,,,,,,,,,,,,,,,,,,,,,,,,,,,,,,,,,,,,,,,,,,,,,,,,,,,,,,,,,,,,,,,,,,,,,,,,,,,,,,,,,,,,,,,,,,,,,,,,,,,,,,,,,,,,,,,,,,,,,,,,,,,,,,,,,,,,,,,,,,,,,,,,,,,,,,,,,,,,,,,,,,,,,,,,,,,,,,,,,"northerncsl",,"Aksi damai dibalas kekerasan. Ini belum alih kekuasaan lho. Bahkan RUU Penyiaran, RUU Kepolisian, RUU TNI belum diketok.

Demokrasi, sudah di ujung tanduk. Berbahagialah, kaum 58% nikmatilah.","5"
,"false","true","","Thu Feb 02 19:39:28 +0000 2017","","0","41","8","56","true","827240036542377984","false","false","false","false","Kabar","8","febrian",,"false","https://pbs.twimg.com/profile_images/1760584033053138944/F5wmVUiA_normal.jpg","",,,,,,,,,,,,,,"","417","https://twitter.com/fabianahahn235","user","https://x.com/fabianahahn235","fabianahahn235",,,,,,,,,,,,,,,,,,,,,,,,,,,,,,,,,,,,,,,,,,,,,,,,,,,,,,,,,,,,,,,,,,,,,,,,,,,,,,,,,,,,,,,,,,,,,,,,,,,,,,,,,,,,,,,,,,,,,,,,,,,,,,,,,,,,,,,,,,,,,,,,,,,,,,,,,,,,,,,,,,,,,,,,,,,,,,,,,,,,,,,,,,,,,,,,,,,,,,,,,,,,,,,,,,,,,,,,,,,,,,,,,,,,,,,,,,,,,,,,,,,,,,,,,,,,,,,,,,,,"1249662133916192768",,"1249662133916192768","User","tilehopper",,"1249662133916192768",,"0","Sun Sep 22 23:56:14 +0000 2024","true",,"0","0","39","",,,,,,,,,,,,,,,,,,,,,,,,,,,,,,,,,,,,,,,,,,,,,,,,,,,,,,,,,,,,,,,,,,,,,,,,,,,,,,,,,,,,,,,,,,,,,,,,,,,,,,,,,,,,,,,,,,,,,,,,,,,,,,,,,,,,,,,,,,,,,,,,,,,,,,,,,,,,,,,,,,,,,,,,,,,,,,,,,,,,,,,,,,,,,,,,,,,,,,,,,,,,,,,,,,,,,,,,,,,,,,,,,,,,,,,,,,,,,,"tilehopper",,"@tilehopper Iya nih, RUU Penyiaran bikin banyak film Indo jadi kena batas!","0"
,"false","true","https://pbs.twimg.com/profile_banners/2559430014/1406484538","Tue Jun 10 17:28:25 +0000 2014","","0","450","45","190","true","2559430014","false","false","false","false","Sulteng","6","Sumita Ramadhanty",,"false","https://pbs.twimg.com/profile_images/1760584543546060800/nAseTMp4_normal.jpg","",,,,,,,,,,,,,,"","280","https://twitter.com/SRamadhanty03","user","https://x.com/SRamadhanty03","SRamadhanty03",,,,,,,,,,,,,,,,,,,,,,,,,,,,,,,,,,,,,,,,,,,,,,,,,,,,,,,,,,,,,,,,,,,,,,,,,,,,,,,,,,,,,,,,,,,,,,,,,,,,,,,,,,,,,,,,,,,,,,,,,,,,,,,,,,,,,,,,,,,,,,,,,,,,,,,,,,,,,,,,,,,,,,,,,,,,,,,,,,,,,,,,,,,,,,,,,,,,,,,,,,,,,,,,,,,,,,,,,,,,,,,,,,,,,,,,,,,,,,,,,,,,,,,,,,,,,,,,,,,,"1249662133916192768",,"1249662133916192768","User","tilehopper",,"1249662133916192768",,"0","Sat Sep 21 13:20:09 +0000 2024","true",,"0","0","45","",,,,,,,,,,,,,,,,,,,,,,,,,,,,,,,,,,,,,,,,,,,,,,,,,,,,,,,,,,,,,,,,,,,,,,,,,,,,,,,,,,,,,,,,,,,,,,,,,,,,,,,,,,,,,,,,,,,,,,,,,,,,,,,,,,,,,,,,,,,,,,,,,,,,,,,,,,,,,,,,,,,,,,,,,,,,,,,,,,,,,,,,,,,,,,,,,,,,,,,,,,,,,,,,,,,,,,,,,,,,,,,,,,,,,,,,,,,,,,"tilehopper",,"@tilehopper Iya nih, semoga RUU Penyiaran bisa lebih diperjelas lagi biar gak bikin ribet.","0"
,"false","true","https://pbs.twimg.com/profile_banners/1460436631446454277/1650069933","Tue Nov 16 02:36:58 +0000 2021","","0","7","234","45","true","1460436631446454277","false","false","false","false","Bandung, Jawa Barat","917","Official Pers Birama UNIKOM",,"false","https://pbs.twimg.com/profile_images/1460436761113284610/WsTZChul_normal.jpg","Laman Resmi Twitter Pers BIRAMA | Kampus 1 Lt. 3 UNIKOM, Bandung | Media Partner 📩officialpersbirama@gmail.com",,,,,,,,,"l-ry.me/persbirama","http://l-ry.me/persbirama","0","23","https://t.co/bPYnLdhagh","","1298","https://twitter.com/pers_birama","user","https://x.com/pers_birama","pers_birama",,,,,,,,,,,,,,,,,,,,,,,,,,,,,,,,,,,,,,,,,,,,,,,,,,,,,,,,,,,,,,,,,,,,,,,,,,,,,,,,,,,,,,,,,,,,,,,,,,,,,,,,,,,,,,,,,,,,,,,,,,,,,,,,,,,,,,,,,,,,,,,,,,,,,,,,,,,,,,,,,,,,,,,,,,,,,,,,,,,,,,,,,,,,,,,,,,,,,,,,,,,,,,,,,,,,,,,,,,,,,,,,,,,,,,,,,,,,,,,,,,,,,,,,,,,,,,,,,,,,,,,,,,,,"0","Sat Sep 21 11:38:38 +0000 2024","false",,"0","1","483","",,,,,,,,,,,,,,,,,,,,,,,,,,,,,,,,,,,,,,,,,,,,,,,,,,,,,,,,,,,,,,,,,,,,,,,,,,,,,,,,,,,,,,,,,,,,,,,,,,,,,,,,,,,,,,,,,,,,,,,,,,,,,,,,,,,,,,,,,,,,,,,,,,,,,,,,,,,,,,,,,,,,,,,,,,,,,,,,,,,,,,,,,,,,,,,,,,,,,,,,,,,,,,,,,,,,,,,,,,,,,,,,,,,,,,,,,,,,,,,,"Menyikapi RUU Penyiaran, Hima Jurnalistik UIN Bandung Menggelar Seminar Mindtalk

Penulis: Shafira Aulia
Dokumentasi: Shafira Aulia
Redaktur: Alfrina Diany https://t.co/m71mYPPKnq","0"
,"false","true","https://pbs.twimg.com/profile_banners/3179542928/1471586706","Wed Apr 29 16:54:13 +0000 2015","","0","279","6147","25","true","3179542928","false","false","false","false","Palmerah, DKI Jakarta","12107","TV Tempo","1908716294737977600","false","https://pbs.twimg.com/profile_images/1367858109989875716/9lyUGRfh_normal.jpg","Akun resmi TV Tempo | Tempo Media Group",,,,,,,,,,,,,,"","15628","https://twitter.com/TVTempoChannel","user","https://x.com/TVTempoChannel","TVTempoChannel",,,,,,,,,,,,,,,,,,,,,,,,,,,,,,,,,,,,,,,,,,,,,,,,,,,,,,,,,,,,,,,,,,,,,,,,,,,,,,,,,,,,,,,,,,,,,,,,,,,,,,,,,,,,,,,,,,,,,,,,,,,,,,,,,,,,,,,,,,,,,,,,,,,,,,,,,,,,,,,,,,,,,,,,,,,,,,,,,,,,,,,,,,,,,,,,,,,,,,,,,,,,,,,,,,,,,,,,,,,,,,,,,,,,,,,,,,,,,,,,,,,,,,,,,,,,,,,,,,,,,,,,,,,,"0","Thu Sep 19 10:00:07 +0000 2024","false",,"0","0","48","",,,,,,,,,,,,,,,,,,,,,,,,,,,,,,,,,,,,,,,,,,,,,,,,,,,,,,,,,,,,,,,,,,,,,,,,,,,,,,,,,,,,,,,,,,,,,,,,,,,,,,,,,,,,,,,,,,,,,,,,,,,,,,,,,,,,,,,,,,,,,,,,,,,,,,,,,,,,,,,,,,,,,,,,,,,,,,,,,,,,,,,,,,,,,,,,,,,,,,,,,,,,,,,,,,,,,,,,,,,,,,,,,,,,,,,,,,,,,,,,"FOKUS | VIDEO REPLAY
Bahaya Larangan Jurnalisme Investigasi dalam RUU Penyiaran
https://t.co/80eFvbpN08

#ruupenyiaran #jurnalisme #investigasi #fokus #tvtempo https://t.co/ul0VauDkiP","0"
,"false","true","","Tue Aug 30 15:44:27 +0000 2022","","0","154","12","7","true","1564639295864197121","false","false","false","false","Jawa Barat","1081","ANTITESISEXIST",,"false","https://pbs.twimg.com/profile_images/1567043625456119811/uIgce1AL_normal.jpg","NKRI !",,,,,,,,,,,,,,"","1296","https://twitter.com/AntitesiZt","user","https://x.com/AntitesiZt","AntitesiZt",,,,,,,,,,,,,,,,,,,,,,,,,,,,,,,,,,,,,,,,,,,,,,,,,,,,,,,,,,,,,,,,,,,,,,,,,,,,,,,,,,,,,,,,,,,,,,,,,,,,,,,,,,,,,,,,,,,,,,,,,,,,,,,,,,,,,,,,,,,,,,,,,,,,,,,,,,,,,,,,,,,,,,,,,,,,,,,,,,,,,,,,,,,,,,,,,,,,,,,,,,,,,,,,,,,,,,,,,,,,,,,,,,,,,,,,,,,,,,,,,,,,,,,,,,,,,,,,,,,,,,,,,,,,"0","Wed Sep 18 08:28:09 +0000 2024","false",,"0","0","31","",,,,,,,,,,,,,,,,,,,,,,,,,,,,,,,,,,,,,,,,,,,,,,,,,,,,,,,,,,,,,,,,,,,,,,,,,,,,,,,,,,,,,,,,,,,,,,,,,,,,,,,,,,,,,,,,,,,,,,,,,,,,,,,,,,,,,,,,,,,,,,,,,,,,,,,,,,,,,,,,,,,,,,,,,,,,,,,,,,,,,,,,,,,,,,,,,,,,,,,,,,,,,,,,,,,,,,,,,,,,,,,,,,,,,,,,,,,,,,,,"mantapp dukung terusss ! RUU Penyiaran ! #partaigolkar #golkarpedia #airlanggahartarto #IndonesiaMerdeka 
#MeutyaHafid https://t.co/qolPKKx67X","0"
,"true","true","https://pbs.twimg.com/profile_banners/856438504108179456/1636717954","Mon Apr 24 09:23:46 +0000 2017","","0","1048","22746","1616","true","856438504108179456","false","false","false","false","","2321","Serikat SINDIKASI","1459125767082688512","false","https://pbs.twimg.com/profile_images/1371394845797871616/CDhEkowZ_normal.jpg","Serikat Pekerja Media dan Industri Kreatif untuk Demokrasi. 
IG: @serikatsindikasi • Pusat Informasi SINDIKASI 📞 0811-166-2708 
✉️ serikat@sindikasi.org",,,,"0","65","82","","serikatsindikasi","sindikasi.org","https://www.sindikasi.org/","0","23","https://t.co/SDAuaWFJ0Z","","13888","https://twitter.com/SINDIKASI_","user","https://x.com/SINDIKASI_","SINDIKASI_",,,,,,,,,,,,,,,,,,,,,,,,,,,,,,,,,,,,,,,,,,,,,,,,,,,,,,,,,,,,,,,,,,,,,,,,,,,,,,,,,,,,,,,,,,,,,,,,,,,,,,,,,,,,,,,,,,,,,,,,,,,,,,,,,,,,,,,,,,,,,,,,,,,,,,,,,,,,,,,,,,,,,,,,,,,,,,,,,,,,,,,,,,,,,,,,,,,,,,,,,,,,,,,,,,,,,,,,,,,,,,,,,,,,,,,,,,,,,,,,,,,,,,,,,,,,,,,,,,,,,,,,,,,,"0","Wed Sep 18 05:12:03 +0000 2024","false",,"9","0","1513","",,,,,,,,,,,,,,,,,,,,,,,,,,,,,,,,,,,,,,,,,,,,,,,,,,,,,,,,,,,,,,,,,,,,,,,,,,,,,,,,,,,,,,,,,,,,,,,,,,,,,,,,,,,,,,,,,,,,,,,,,,,,,,,,,,,,,,,,,,,,,,,,,,,,,,,,,,,,,,,,,,,,,,,,,,,,,,,,,,,,,,,,,,,,,,,,,,,,,,,,,,,,,,,,,,,,,,,,,,,,,,,,,,,,,,,,,,,,,,,,"Halo kawan-kawan pekerja kreatif! 

Peraturan ketenagakerjaan masih belum berpihak pada pekerja kreatif. Sementara itu, perkembangan kebijakan lain seperti RUU Penyiaran, UU Pornografi, UU Perfilman, dan berbagai peraturan daerah tentang ketertiban umum mempersempit ruang gerak kelompok ragam gender. Ini membuat kerentanan pekerja kreatif dengan ragam gender maqueen-maqueen dobelnya. 

Untuk mendorong perlindungan yang lebih sistemik terhadap pekerja kreatif dengan ragam gender, SINDIKASI ingin meneliti kondisi kerja ragam gender di sektor kreatif dengan fokus di bentuk diskriminasi dalam lingkungan kerja.

Jika kamu pekerja ragam gender di sektor kreatif, ikutan isi survey ini yuk! Datamu hanya akan dikelola oleh 3 orang Divisi Gender dan Inklusi Sosial SINDIKASI dan dipublikasi dalam bentuk agregat.
 
Selamat mengisi!

https://t.co/1L36qF1Row","20"
,"false","false","https://pbs.twimg.com/profile_banners/1055612952/1695618670","Wed Jan 02 17:17:08 +0000 2013","","0","1748","446","604","true","1055612952","false","false","false","false","jakarta","478","Maling Cundang",,"false","https://pbs.twimg.com/profile_images/1717009009226780672/axmTIJcj_normal.jpg","Soekarnois | #Sayapkiri Progresif Moderat | kontra Neoliberalisme l pernah punya cita2 jadi aktivis HAM","13","23","Sayapkiri",,,,,,,,,,,"","23826","https://twitter.com/Bud_Cavalera","user","https://x.com/Bud_Cavalera","Bud_Cavalera",,,"true","false","https://pbs.twimg.com/profile_banners/517411633/1707288351","Wed Mar 07 09:32:38 +0000 2012","","0","6611","6501","399","true","517411633","false","true","false","false","Jakarta Capital Region, Indonesia","528","Mellisa Anggraini,MH",,"false","https://pbs.twimg.com/profile_images/1649147386898579457/JkQpkcYl_normal.jpg","Lawyer/Lecture/Pencinta sajak dan Penikmat Kopi",,,,,,,,,"","5388","https://twitter.com/MellisA_An","user","https://x.com/MellisA_An","MellisA_An","10",,"1836221003296579706","Wed Sep 18 01:49:37 +0000 2024",,,,,,,,,,,,,,,,,,,,,,,,,,,,,,,,,,,,,,,,,,,,,,,,,,,,,,,,,,,,,,,,,,,,,,,,,,,,,,,,,,,,,,,,,,,,,,,,,,,,,,,,,,,,,,,,,,,,,,,,,,,,,,,,,,,,,,,,,,,,,,,,,,,,,,,,,,,,,,,,,,,,,,"1836221003296579706",,,,"false","false","true","false","in","127","10",,"0",,"","","1835971980467773809",,,,"false","false","false","","0","0",,,"0",,"0",,"","","","tweet","","0",,"1835971980467773809","Tweet","1835971980467773809","99",,"28",,"","Seperti inilah berita yang sengaja dibuat sesat informasi untuk dijadikan jembatan bagi para pembenci menebar fitnah dan kebencian.","https://twitter.com/MellisA_An/status/1836221003296579706","tweet","https://x.com/MellisA_An/status/1836221003296579706","34843",,,,,,,,,"0","Wed Sep 18 04:26:44 +0000 2024","false",,"0","0","100","",,"1836221003296579706","Tweet","517411633","User","6611","https://pbs.twimg.com/profile_images/1649147386898579457/JkQpkcYl_normal.jpg","https://pbs.twimg.com/profile_banners/517411633/1707288351","Wed Mar 07 09:32:38 +0000 2012","Mellisa Anggraini,MH","MellisA_An","true","false","Jakarta Capital Region, Indonesia","false",,"false","Lawyer/Lecture/Pencinta sajak dan Penikmat Kopi",,,,,,,,,"","FF0000","None","true","6501","399","517411633","false","false","false","528","5388","true","","EditControlInitial","1836221003296579706","1726627777000","5","true","true","10","1836221003296579706","Wed Sep 18 01:49:37 +0000 2024","0","131",,,,,,,,,,,,,,,,,,,,,,,,,,,,,,,,,,,,,,,,,,,,,,,,,,,,,,,,,,,,,,,,,,,,,,,,,,,,,,,,,,,,,,,,,,,,,,,,,,,,,,,,,,,,,,,,,,,,,,,,,,,,,,,,,,,,,,,,,,,,,,,,,,,,,,,,,,,,,,,,,,,,,,"127","Seperti inilah berita yang sengaja dibuat sesat informasi untuk dijadikan jembatan bagi para pembenci menebar fitnah dan kebencian.",,"true","in",,"10","1835971980467773809","x.com/tempodotco/sta…","https://twitter.com/tempodotco/status/1835971980467773809","https://t.co/dTIZdRDx98","99","28","517411633","1835971980467773809","Tweet","1835971980467773809","1836221003296579706","VW5tZW50aW9uczoKAAEZe5FGFpqgeg8AAgoAAAAAAA==","34843","EnabledWithCount",,"true","Buzzer gorong gorong sedang briefing pentingnya RUU penyiaran, waspadalah terhadap propaganda rezim, RUU penyiaran bukan saja ancaman buat kelangsungan demokrasi, tetapi juga dapat menghambat pemberantasan korupsi.","0"
,"false","false","https://pbs.twimg.com/profile_banners/1096382145973501953/1748602134","Fri Feb 15 12:14:08 +0000 2019","","0","4313","85","65","true","1096382145973501953","false","false","false","false","","502","Ai","1676101016050356226","false","https://pbs.twimg.com/profile_images/1965539616121126913/JXJ0whTg_normal.jpg","a bitch doesn't exist girl😋💅🏻",,,,,,,,,,,,,,"","9704","https://twitter.com/secretlifeofnun","user","https://x.com/secretlifeofnun","secretlifeofnun",,,,,,,,,,,,,,,,,,,,,,,,,,,,,,,,,,,,,,,,,,,,,,,,,,,,,,,,,,,,,,,,,,,,,,,,,,,,,,,,,,,,,,,,,,,,,,,,,,,,,,,,,,,,,,,,,,,,,,,,,,,,,,,,,,,,,,,,,,,,,,,,,,,,,,,,,,,,,,,,,,,,,,,,,,,,,,,,,,,,,,,,,,,,,,,,,,,,,,,,,,,,,,,,,,,,,,,,,,,,,,,,,,,,,,,,,,,,,,,,,,,,,,,,,,,,,,,,,,,,"149022386",,"149022386","User","andri_parcox",,"149022386",,"0","Sun Sep 15 07:20:29 +0000 2024","true",,"0","1","118","",,,,,,,,,,,,,,,,,,,,,,,,,,,,,,,,,,,,,,,,,,,,,,,,,,,,,,,,,,,,,,,,,,,,,,,,,,,,,,,,,,,,,,,,,,,,,,,,,,,,,,,,,,,,,,,,,,,,,,,,,,,,,,,,,,,,,,,,,,,,,,,,,,,,,,,,,,,,,,,,,,,,,,,,,,,,,,,,,,,,,,,,,,,,,,,,,,,,,,,,,,,,,,,,,,,,,,,,,,,,,,,,,,,,,,,,,,,,,,"andri_parcox",,"@andri_parcox @Tackcalbmi @Widino RUU penyiaran tuh daripada yang di sah in yang dilarang kritik pemerintah, mending yang di sah in hak cipta pemilik video sosmed yang di tayangin komersil di TV☝🏻","1"
,"false","true","https://pbs.twimg.com/profile_banners/891916001054310400/1716800827","Mon Jul 31 06:58:40 +0000 2017","","0","2788","142","1079","true","891916001054310400","false","false","false","false","","86","Lim Said",,"false","https://pbs.twimg.com/profile_images/1831198574883082240/UdZlz2-N_normal.jpg","Perantau",,,,,,,,,,,,,,"","456","https://twitter.com/lim_filbert","user","https://x.com/lim_filbert","lim_filbert",,,,,,,,,,,,,,,,,,,,,,,,,,,,,,,,,,,,,,,,,,,,,,,,,,,,,,,,,,,,,,,,,,,,,,,,,,,,,,,,,,,,,,,,,,,,,,,,,,,,,,,,,,,,,,,,,,,,,,,,,,,,,,,,,,,,,,,,,,,,,,,,,,,,,,,,,,,,,,,,,,,,,,,,,,,,,,,,,,,,,,,,,,,,,,,,,,,,,,,,,,,,,,,,,,,,,,,,,,,,,,,,,,,,,,,,,,,,,,,,,,,,,,,,,,,,,,,,,,,,"891916001054310400",,"891916001054310400","User","lim_filbert",,"891916001054310400",,"0","Fri Sep 13 03:11:03 +0000 2024","true",,"0","1","345","",,,,,,,,,,,,,,,,,,,,,,,,,,,,,,,,,,,,,,,,,,,,,,,,,,,,,,,,,,,,,,,,,,,,,,,,,,,,,,,,,,,,,,,,,,,,,,,,,,,,,,,,,,,,,,,,,,,,,,,,,,,,,,,,,,,,,,,,,,,,,,,,,,,,,,,,,,,,,,,,,,,,,,,,,,,,,,,,,,,,,,,,,,,,,,,,,,,,,,,,,,,,,,,,,,,,,,,,,,,,,,,,,,,,,,,,,,,,,,"lim_filbert",,"Ambil contoh RUU Penyiaran, butuh 20+ tahun lebih untuk disahkan, sementara sekarang kita hidup dimana penyiaran konvensional sudah kehilangan momentumnya di era media digital dan SNS ini. 

(Tapi ngesahin RUU Pilkada cepat banget, hanya butuh waktu 7 jam wkwk)","3"
,"false","false","https://pbs.twimg.com/profile_banners/1250402265568931842/1586954354","Wed Apr 15 12:35:12 +0000 2020","","0","26339","33","211","true","1250402265568931842","false","false","false","false","u̶n̶professional yapper","61","🌙",,"false","https://pbs.twimg.com/profile_images/1440174494786543620/PXRpv8df_normal.jpg","Lorem ipsum dolor sit amet, consectetur adipiscing elit.",,,,,,,,,,,,,,"","5412","https://twitter.com/justkindoftrash","user","https://x.com/justkindoftrash","justkindoftrash",,,,,,,,,,,,,,,,,,,,,,,,,,,,,,,,,,,,,,,,,,,,,,,,,,,,,,,,,,,,,,,,,,,,,,,,,,,,,,,,,,,,,,,,,,,,,,,,,,,,,,,,,,,,,,,,,,,,,,,,,,,,,,,,,,,,,,,,,,,,,,,,,,,,,,,,,,,,,,,,,,,,,,,,,,,,,,,,,,,,,,,,,,,,,,,,,,,,,,,,,,,,,,,,,,,,,,,,,,,,,,,,,,,,,,,,,,,,,,,,,,,,,,,,,,,,,,,,,,,,"172750034",,"172750034","User","remotivi",,"172750034",,"0","Wed Sep 11 04:52:47 +0000 2024","true",,"0","0","351","",,,,,,,,,,,,,,,,,,,,,,,,,,,,,,,,,,,,,,,,,,,,,,,,,,,,,,,,,,,,,,,,,,,,,,,,,,,,,,,,,,,,,,,,,,,,,,,,,,,,,,,,,,,,,,,,,,,,,,,,,,,,,,,,,,,,,,,,,,,,,,,,,,,,,,,,,,,,,,,,,,,,,,,,,,,,,,,,,,,,,,,,,,,,,,,,,,,,,,,,,,,,,,,,,,,,,,,,,,,,,,,,,,,,,,,,,,,,,,"remotivi",,"@remotivi Hehe kebayang kan kalo ruu penyiaran disahkan?","1"
,"false","true","https://pbs.twimg.com/profile_banners/1287909664907120645/1753963411","Tue Jul 28 00:36:45 +0000 2020","","0","569","29","53","true","1287909664907120645","false","false","false","false","","474","Clay","1959061168611631520","false","https://pbs.twimg.com/profile_images/1703028674780622848/9MaZGDPI_normal.jpg","Semoga Indonesia dipenuhi guru-guru terbaik layaknya Koro sensei",,,,,,,,,,,,,,"","15084","https://twitter.com/clayiskoro","user","https://x.com/clayiskoro","clayiskoro",,,,,,,,,,,,,,,,,,,,,,,,,,,,,,,,,,,,,,,,,,,,,,,,,,,,,,,,,,,,,,,,,,,,,,,,,,,,,,,,,,,,,,,,,,,,,,,,,,,,,,,,,,,,,,,,,,,,,,,,,,,,,,,,,,,,,,,,,,,,,,,,,,,,,,,,,,,,,,,,,,,,,,,,,,,,,,,,,,,,,,,,,,,,,,,,,,,,,,,,,,,,,,,,,,,,,,,,,,,,,,,,,,,,,,,,,,,,,,,,,,,,,,,,,,,,,,,,,,,,"199958165",,"199958165","User","dantsus",,"199958165",,"0","Tue Sep 10 08:05:50 +0000 2024","true",,"0","1","270","",,,,,,,,,,,,,,,,,,,,,,,,,,,,,,,,,,,,,,,,,,,,,,,,,,,,,,,,,,,,,,,,,,,,,,,,,,,,,,,,,,,,,,,,,,,,,,,,,,,,,,,,,,,,,,,,,,,,,,,,,,,,,,,,,,,,,,,,,,,,,,,,,,,,,,,,,,,,,,,,,,,,,,,,,,,,,,,,,,,,,,,,,,,,,,,,,,,,,,,,,,,,,,,,,,,,,,,,,,,,,,,,,,,,,,,,,,,,,,"dantsus",,"@dantsus @Listy9021 1. Literasi lu ga lengkap
2. Lu ga ngerti konteksnya kenapa mulyono itu dikritik
Fungsi uu ITE di-modif buat ngebungkam orang2 yg ingin dibungkam. Karena karet, lu kepleset dikit bisa kena delik.
Makanya kenapa sempet ada wacana RUU penyiaran. Intinya pengendalian media. https://t.co/DzcIbbYcUD","0"
,"false","false","https://pbs.twimg.com/profile_banners/79336972/1417219910","Sat Oct 03 01:10:33 +0000 2009","","0","1291","160","127","true","79336972","false","false","false","false","","211","bungbess",,"false","https://pbs.twimg.com/profile_images/1752860713239121920/eOXm_KNz_normal.jpg","Saya Rakyat Indonesia, Atasan Presiden Republik Indonesia!",,,,,,,,,,,,,,"","9847","https://twitter.com/bungbess","user","https://x.com/bungbess","bungbess",,,,,,,,,,,,,,,,,,,,,,,,,,,,,,,,,,,,,,,,,,,,,,,,,,,,,,,,,,,,,,,,,,,,,,,,,,,,,,,,,,,,,,,,,,,,,,,,,,,,,,,,,,,,,,,,,,,,,,,,,,,,,,,,,,,,,,,,,,,,,,,,,,,,,,,,,,,,,,,,,,,,,,,,,,,,,,,,,,,,,,,,,,,,,,,,,,,,,,,,,,,,,,,,,,,,,,,,,,,,,,,,,,,,,,,,,,,,,,,,,,,,,,,,,,,,,,,,,,,,"18129942",,"18129942","User","tempodotco",,"18129942",,"0","Tue Sep 10 00:18:49 +0000 2024","true",,"0","0","49","",,,,,,,,,,,,,,,,,,,,,,,,,,,,,,,,,,,,,,,,,,,,,,,,,,,,,,,,,,,,,,,,,,,,,,,,,,,,,,,,,,,,,,,,,,,,,,,,,,,,,,,,,,,,,,,,,,,,,,,,,,,,,,,,,,,,,,,,,,,,,,,,,,,,,,,,,,,,,,,,,,,,,,,,,,,,,,,,,,,,,,,,,,,,,,,,,,,,,,,,,,,,,,,,,,,,,,,,,,,,,,,,,,,,,,,,,,,,,,"tempodotco",,"@tempodotco Keresahan mulyono ini jadi pintu masuk RUU Penyiaran..","0"
,"false","true","https://pbs.twimg.com/profile_banners/1704386312068055040/1695192634","Wed Sep 20 06:45:48 +0000 2023","","0","213","123","111","true","1704386312068055040","false","false","false","false","Jakarta Barat","2","Selvia Picauly",,"false","https://pbs.twimg.com/profile_images/1704387519369084928/R2gbKixP_normal.jpg","suka suka aja lah",,,,,,,,,,,,,,"","201","https://twitter.com/selviapicauly","user","https://x.com/selviapicauly","selviapicauly",,,,,,,,,,,,,,,,,,,,,,,,,,,,,,,,,,,,,,,,,,,,,,,,,,,,,,,,,,,,,,,,,,,,,,,,,,,,,,,,,,,,,,,,,,,,,,,,,,,,,,,,,,,,,,,,,,,,,,,,,,,,,,,,,,,,,,,,,,,,,,,,,,,,,,,,,,,,,,,,,,,,,,,,,,,,,,,,,,,,,,,,,,,,,,,,,,,,,,,,,,,,,,,,,,,,,,,,,,,,,,,,,,,,,,,,,,,,,,,,,,,,,,,,,,,,,,,,,,,,,,"1682935857106526209","UserUnavailable",,"User is suspended",,"Suspended","0","Mon Sep 09 10:30:22 +0000 2024","true",,"0","0","710","",,,,,,,,,,,,,,,,,,,,,,,,,,,,,,,,,,,,,,,,,,,,,,,,,,,,,,,,,,,,,,,,,,,,,,,,,,,,,,,,,,,,,,,,,,,,,,,,,,,,,,,,,,,,,,,,,,,,,,,,,,,,,,,,,,,,,,,,,,,,,,,,,,,,,,,,,,,,,,,,,,,,,,,,,,,,,,,,,,,,,,,,,,,,,,,,,,,,,,,,,,,,,,,,,,,,,,,,,,,,,,,,,,,,,,,,,,,,,,,,"@DBarkeh49017 @ridwankamil @pramonoanung Meskipun UKT, RUU Penyiaran, dan Tapera ditunda, perjuangan untuk memberdayakan UMKM dan aktor seni terus berjalan. Kami tidak boleh meremehkan pentingnya undang-undang ini bagi masa depan industri kreatif. #PerlawananBersatu #HidupIndustriKreatif","0"
,"false","true","https://pbs.twimg.com/profile_banners/1702152531173093376/1694660009","Thu Sep 14 02:49:24 +0000 2023","","0","211","80","115","true","1702152531173093376","false","false","false","false","Makassar","3","Erwin Saputra",,"false","https://pbs.twimg.com/profile_images/1702153499604357120/-XkxggHM_normal.jpg","busy",,,,,,,,,,,,,,"","91","https://twitter.com/ErwinSaaputra","user","https://x.com/ErwinSaaputra","ErwinSaaputra",,,,,,,,,,,,,,,,,,,,,,,,,,,,,,,,,,,,,,,,,,,,,,,,,,,,,,,,,,,,,,,,,,,,,,,,,,,,,,,,,,,,,,,,,,,,,,,,,,,,,,,,,,,,,,,,,,,,,,,,,,,,,,,,,,,,,,,,,,,,,,,,,,,,,,,,,,,,,,,,,,,,,,,,,,,,,,,,,,,,,,,,,,,,,,,,,,,,,,,,,,,,,,,,,,,,,,,,,,,,,,,,,,,,,,,,,,,,,,,,,,,,,,,,,,,,,,,,,,,,,,,,,,,,"0","Mon Sep 09 07:33:46 +0000 2024","false",,"0","0","96","",,,,,,,,,,,,,,,,,,,,,,,,,,,,,,,,,,,,,,,,,,,,,,,,,,,,,,,,,,,,,,,,,,,,,,,,,,,,,,,,,,,,,,,,,,,,,,,,,,,,,,,,,,,,,,,,,,,,,,,,,,,,,,,,,,,,,,,,,,,,,,,,,,,,,,,,,,,,,,,,,,,,,,,,,,,,,,,,,,,,,,,,,,,,,,,,,,,,,,,,,,,,,,,,,,,,,,,,,,,,,,,,,,,,,,,,,,,,,,,,"Meskipun UKT, RUU Penyiaran, dan Tapera ditunda, perjuangan untuk memberdayakan UMKM dan aktor seni terus berjalan. Kami tidak boleh meremehkan pentingnya undang-undang ini bagi masa depan industri kreatif. #PerlawananBersatu #HidupIndustriKreatif","3"
,"false","true","https://pbs.twimg.com/profile_banners/1705061924579454976/1695353644","Fri Sep 22 03:30:18 +0000 2023","","0","319","88","68","true","1705061924579454976","false","false","false","false","Bogor","0","Diki Satria",,"false","https://pbs.twimg.com/profile_images/1705062807090446336/5jDDe5LF_normal.jpg","nothing",,,,,,,,,,,,,,"","68","https://twitter.com/DikiSaatria","user","https://x.com/DikiSaatria","DikiSaatria",,,,,,,,,,,,,,,,,,,,,,,,,,,,,,,,,,,,,,,,,,,,,,,,,,,,,,,,,,,,,,,,,,,,,,,,,,,,,,,,,,,,,,,,,,,,,,,,,,,,,,,,,,,,,,,,,,,,,,,,,,,,,,,,,,,,,,,,,,,,,,,,,,,,,,,,,,,,,,,,,,,,,,,,,,,,,,,,,,,,,,,,,,,,,,,,,,,,,,,,,,,,,,,,,,,,,,,,,,,,,,,,,,,,,,,,,,,,,,,,,,,,,,,,,,,,,,,,,,,,,,,,,,,,"0","Mon Sep 09 07:03:57 +0000 2024","false",,"0","0","46","",,,,,,,,,,,,,,,,,,,,,,,,,,,,,,,,,,,,,,,,,,,,,,,,,,,,,,,,,,,,,,,,,,,,,,,,,,,,,,,,,,,,,,,,,,,,,,,,,,,,,,,,,,,,,,,,,,,,,,,,,,,,,,,,,,,,,,,,,,,,,,,,,,,,,,,,,,,,,,,,,,,,,,,,,,,,,,,,,,,,,,,,,,,,,,,,,,,,,,,,,,,,,,,,,,,,,,,,,,,,,,,,,,,,,,,,,,,,,,,,"Meskipun UKT, RUU Penyiaran, dan Tapera ditunda, perjuangan untuk memberdayakan UMKM dan aktor seni terus berjalan. Kami tidak boleh meremehkan pentingnya undang-undang ini bagi masa depan industri kreatif. #PerlawananBersatu #HidupIndustriKreatif","1"
,"false","false","https://pbs.twimg.com/profile_banners/1250402265568931842/1586954354","Wed Apr 15 12:35:12 +0000 2020","","0","26339","33","211","true","1250402265568931842","false","false","false","false","u̶n̶professional yapper","61","🌙",,"false","https://pbs.twimg.com/profile_images/1440174494786543620/PXRpv8df_normal.jpg","Lorem ipsum dolor sit amet, consectetur adipiscing elit.",,,,,,,,,,,,,,"","5412","https://twitter.com/justkindoftrash","user","https://x.com/justkindoftrash","justkindoftrash",,,"true","false","https://pbs.twimg.com/profile_banners/92804304/1711197597","Thu Nov 26 18:06:55 +0000 2009","","0","5987","6216","1036","true","92804304","false","false","false","false","Jakarta Capital Region","1239","Bukan Agen Air Minum 🍉",,"false","https://pbs.twimg.com/profile_images/1963057572703019008/yGXGJ45g_normal.jpg","Has a penchant for politics, architecture, and cats. Mostly shitposts, sometimes talk about self dev. Tweets are my own. No reposting w/o permission. She/her.",,,,"arsitekata.blog","http://arsitekata.blog","0","23","https://t.co/PinvyLxhGC","","28034","https://twitter.com/shallypristine","user","https://x.com/shallypristine","shallypristine","4",,"1831949147223830562","Fri Sep 06 07:08:52 +0000 2024",,,,,,,,,"218665104","0","9","Ahmad Arif","aik_arif",,,,,,,,,,,,,"pic.twitter.com/0yutxeAjwL","https://twitter.com/shallypristine/status/1831952693730144593/photo/1","Available","82","82","518","141",,,,,"82","82","518","141",,,,,"1831952684087164928","158","181","3_1831952684087164928","QXBpTWVkaWFSZXN1bHRzOgwAAQoAARlsZ0KUVsAACgACGWxnRNMa8VEAAA==","ApiMedia","QXBpTWVkaWE6DAABCgABGWxnQpRWwAAKAAIZbGdE0xrxUQAA","3_1831952684087164928","https://pbs.twimg.com/media/GWxnQpRWwAAo1tV.jpg","566","1011","0","0","1011","1011","0","0","1073","941","70","0","1073","537","294","0","1073","1011","0","0","1073","1011","1073","1011","photo","https://t.co/0yutxeAjwL",,,,,,,,,,,,,,,,,,"pic.twitter.com/0yutxeAjwL","https://twitter.com/shallypristine/status/1831952693730144593/photo/1","Available",,,,,,,,,,,,,,,,,"1831952684959637504","158","181","3_1831952684959637504","QXBpTWVkaWFSZXN1bHRzOgwAAQoAARlsZ0LIV6AACgACGWxnRNMa8VEAAA==","ApiMedia","QXBpTWVkaWE6DAABCgABGWxnQshXoAAKAAIZbGdE0xrxUQAA","3_1831952684959637504","https://pbs.twimg.com/media/GWxnQshXoAAq-GM.jpg","504","900","0","0","900","900","0","0","1026","900","0","0","1101","551","137","0","1101","900","0","0","1101","900","1101","900","photo","https://t.co/0yutxeAjwL",,,,,,,,,,,,,,,,"1831952693730144593","1831950104619839689",,,"false","false",,"true","in","135","13",,,,,,,,,,,,,,,,,,,,,,,,,,,,,,,,"4",,"69",,"","@aik_arif Berita yang sudah memenuhi prinsip jurnalistik dibilang hoax sama Polisi. Ternyata yang ngerjain orang 360 derajat kek Melati Sakti ini, Ya Rabb... https://t.co/0yutxeAjwL","https://twitter.com/shallypristine/status/1831952693730144593","tweet","https://x.com/shallypristine/status/1831952693730144593","16106",,,,,,,,,"0","Fri Sep 06 11:14:19 +0000 2024","false",,"1","0","88","",,"1831952693730144593","Tweet","92804304","User","5987","https://pbs.twimg.com/profile_images/1963057572703019008/yGXGJ45g_normal.jpg","https://pbs.twimg.com/profile_banners/92804304/1711197597","Thu Nov 26 18:06:55 +0000 2009","Bukan Agen Air Minum 🍉","shallypristine","true","false","Jakarta Capital Region","false",,"false","Has a penchant for politics, architecture, and cats. Mostly shitposts, sometimes talk about self dev. Tweets are my own. No reposting w/o permission. She/her.",,,,"arsitekata.blog","http://arsitekata.blog","0","23","https://t.co/PinvyLxhGC","","088253","None","true","6216","1036","92804304","false","false","false","1239","28034","false","https://t.co/PinvyLxhGC","EditControlInitial","1831952693730144593","1725610132000","5","false","true","4","1831949147223830562","Fri Sep 06 07:08:52 +0000 2024","10","157",,,,,,,,,"218665104","0","9","Ahmad Arif","aik_arif",,,,,,,,,,,,,"pic.twitter.com/0yutxeAjwL","https://twitter.com/shallypristine/status/1831952693730144593/photo/1","Available","82","82","518","141",,,,,"82","82","518","141",,,,,"1831952684087164928","158","181","3_1831952684087164928","QXBpTWVkaWFSZXN1bHRzOgwAAQoAARlsZ0KUVsAACgACGWxnRNMa8VEAAA==","ApiMedia","QXBpTWVkaWE6DAABCgABGWxnQpRWwAAKAAIZbGdE0xrxUQAA","3_1831952684087164928","https://pbs.twimg.com/media/GWxnQpRWwAAo1tV.jpg","566","1011","0","0","1011","1011","0","0","1073","941","70","0","1073","537","294","0","1073","1011","0","0","1073","1011","1073","1011","photo","https://t.co/0yutxeAjwL",,,,,,,,,,,,,,,,,,"pic.twitter.com/0yutxeAjwL","https://twitter.com/shallypristine/status/1831952693730144593/photo/1","Available",,,,,,,,,,,,,,,,,"1831952684959637504","158","181","3_1831952684959637504","QXBpTWVkaWFSZXN1bHRzOgwAAQoAARlsZ0LIV6AACgACGWxnRNMa8VEAAA==","ApiMedia","QXBpTWVkaWE6DAABCgABGWxnQshXoAAKAAIZbGdE0xrxUQAA","3_1831952684959637504","https://pbs.twimg.com/media/GWxnQshXoAAq-GM.jpg","504","900","0","0","900","900","0","0","1026","900","0","0","1101","551","137","0","1101","900","0","0","1101","900","1101","900","photo","https://t.co/0yutxeAjwL",,,,,,,,,,,,,,,,"135","@aik_arif Berita yang sudah memenuhi prinsip jurnalistik dibilang hoax sama Polisi. Ternyata yang ngerjain orang 360 derajat kek Melati Sakti ini, Ya Rabb... https://t.co/0yutxeAjwL","1831950104619839689",,"in","true","13",,,,,"4","69","92804304",,,,"1831952693730144593","VW5tZW50aW9uczoKAAEZbGQLFtswIg8AAgoAAAABAAAAAA0IkJAA","16106","EnabledWithCount",,"true","Bayangin ruu penyiaran disahin, trus yg ngontrol berita isinya setipe sm mba Y semua 🙂","1"
,"true","true","https://pbs.twimg.com/profile_banners/1389817105722187778/1649042270","Wed May 05 05:40:17 +0000 2021","","0","4444","248","23","true","1389817105722187778","false","false","false","false","Gedung DPR RI, Jakarta","10798","tvr.parlemen",,"false","https://pbs.twimg.com/profile_images/1510866232035053571/rvU0Q4lG_normal.jpg","Akun Resmi TVR Parlemen, Sekretariat Jenderal DPR RI | Siaran Kegiatan Anggota DPR RI",,,,,,,,,"tvr.dpr.go.id","http://www.tvr.dpr.go.id","0","23","https://t.co/jaXdw7CbhA","","10934","https://twitter.com/tvr_parlemen","user","https://x.com/tvr_parlemen","tvr_parlemen",,,,,,,,,,,,,,,,,,,,,,,,,,,,,,,,,,,,,,,,,,,,,,,,,,,,,,,,,,,,,,,,,,,,,,,,,,,,,,,,,,,,,,,,,,,,,,,,,,,,,,,,,,,,,,,,,,,,,,,,,,,,,,,,,,,,,,,,,,,,,,,,,,,,,,,,,,,,,,,,,,,,,,,,,,,,,,,,,,,,,,,,,,,,,,,,,,,,,,,,,,,,,,,,,,,,,,,,,,,,,,,,,,,,,,,,,,,,,,,,,,,,,,,,,,,,,,,,,,,,,,,,,,,,"0","Fri Sep 06 09:26:26 +0000 2024","false",,"0","0","48","",,,,,,,,,,,,,,,,,,,,,,,,,,,,,,,,,,,,,,,,,,,,,,,,,,,,,,,,,,,,,,,,,,,,,,,,,,,,,,,,,,,,,,,,,,,,,,,,,,,,,,,,,,,,,,,,,,,,,,,,,,,,,,,,,,,,,,,,,,,,,,,,,,,,,,,,,,,,,,,,,,,,,,,,,,,,,,,,,,,,,,,,,,,,,,,,,,,,,,,,,,,,,,,,,,,,,,,,,,,,,,,,,,,,,,,,,,,,,,,,"TVR 17 - Pembahasan RUU Penyiaran Terbuka Untuk Publik

Narasumber : 

Bobby Adhityo Rizaldi / Anggota Komisi I DPR RI /F-PG/Sumsel II

#tvrparlemen #dprri #tvr17
https://t.co/P9hBq35ibT","1"
,"false","true","https://pbs.twimg.com/profile_banners/887616625175707649/1641522163","Wed Jul 19 10:14:29 +0000 2017","","0","1","59","113","true","887616625175707649","false","false","false","false","Jakarta Capital Region","9244","suaraindonews.com",,"false","https://pbs.twimg.com/profile_images/887979652257415169/dncqIew5_normal.jpg","Media Online / Portal Berita",,,,,,,,,"suaraindonews.com","http://suaraindonews.com/","0","23","https://t.co/82OTksHgcU","","19434","https://twitter.com/suaraindonews_","user","https://x.com/suaraindonews_","suaraindonews_",,,,,,,,,,,,,,,,,,,,,,,,,,,,,,,,,,,,,,,,,,,,,,,,,,,,,,,,,,,,,,,,,,,,,,,,,,,,,,,,,,,,,,,,,,,,,,,,,,,,,,,,,,,,,,,,,,,,,,,,,,,,,,,,,,,,,,,,,,,,,,,,,,,,,,,,,,,,,,,,,,,,,,,,,,,,,,,,,,,,,,,,,,,,,,,,,,,,,,,,,,,,,,,,,,,,,,,,,,,,,,,,,,,,,,,,,,,,,,,,,,,,,,,,,,,,,,,,,,,,,,,,,,,,"0","Fri Sep 06 04:29:10 +0000 2024","false",,"0","0","25","",,,,,,,,,,,,,,,,,,,,,,,,,,,,,,,,,,,,,,,,,,,,,,,,,,,,,,,,,,,,,,,,,,,,,,,,,,,,,,,,,,,,,,,,,,,,,,,,,,,,,,,,,,,,,,,,,,,,,,,,,,,,,,,,,,,,,,,,,,,,,,,,,,,,,,,,,,,,,,,,,,,,,,,,,,,,,,,,,,,,,,,,,,,,,,,,,,,,,,,,,,,,,,,,,,,,,,,,,,,,,,,,,,,,,,,,,,,,,,,,"Percepatan Penyelesaian RUU Penyiaran Guna Dukung Digitalisasi Radio https://t.co/ZchjfIBsMO https://t.co/DbpEM9aQDP","0"
,"false","true","https://pbs.twimg.com/profile_banners/725618701085630464/1706425790","Thu Apr 28 09:32:34 +0000 2016","","0","40","16","63","true","725618701085630464","false","false","false","false","Sumbar","7","Michelle Usyi",,"false","https://pbs.twimg.com/profile_images/1765234815467659264/7353z9mr_normal.jpg","",,,,,,,,,,,,,,"","232","https://twitter.com/magrin3045","user","https://x.com/magrin3045","magrin3045",,,,,,,,,,,,,,,,,,,,,,,,,,,,,,,,,,,,,,,,,,,,,,,,,,,,,,,,,,,,,,,,,,,,,,,,,,,,,,,,,,,,,,,,,,,,,,,,,,,,,,,,,,,,,,,,,,,,,,,,,,,,,,,,,,,,,,,,,,,,,,,,,,,,,,,,,,,,,,,,,,,,,,,,,,,,,,,,,,,,,,,,,,,,,,,,,,,,,,,,,,,,,,,,,,,,,,,,,,,,,,,,,,,,,,,,,,,,,,,,,,,,,,,,,,,,,,,,,,,,"1249662133916192768",,"1249662133916192768","User","tilehopper",,"1249662133916192768",,"0","Thu Sep 05 07:48:11 +0000 2024","true",,"0","0","58","",,,,,,,,,,,,,,,,,,,,,,,,,,,,,,,,,,,,,,,,,,,,,,,,,,,,,,,,,,,,,,,,,,,,,,,,,,,,,,,,,,,,,,,,,,,,,,,,,,,,,,,,,,,,,,,,,,,,,,,,,,,,,,,,,,,,,,,,,,,,,,,,,,,,,,,,,,,,,,,,,,,,,,,,,,,,,,,,,,,,,,,,,,,,,,,,,,,,,,,,,,,,,,,,,,,,,,,,,,,,,,,,,,,,,,,,,,,,,,"tilehopper",,"@tilehopper Iya bener nih, RUU Penyiaran lagi bikin geger nih dengan rencana pembatasan tayang film-film tertentu.","0"
,"true","false","https://pbs.twimg.com/profile_banners/1233346526858088449/1756739270","Fri Feb 28 11:01:55 +0000 2020","","0","6781","474","516","true","1233346526858088449","false","false","false","false","lawstud","207","🎀🐇 #ACAB #1312","1882451839578456545","false","https://pbs.twimg.com/profile_images/1963259225804812288/5b0wK-sD_normal.jpg","kaka ip 4 semester 5",,,,,,,,,,,,,,"","5784","https://twitter.com/STROWBERRl","user","https://x.com/STROWBERRl","STROWBERRl",,,"true","false","https://pbs.twimg.com/profile_banners/931419055549906944/1756582663","Fri Nov 17 07:09:42 +0000 2017","","0","151971","20377","4675","true","931419055549906944","false","true","false","false","Jakarta Capital Region, Indone","11647","Hasbil Mustaqim Lbs",,"false","https://pbs.twimg.com/profile_images/1924537001317171206/bzEF-8sg_normal.jpg","Deputi Ekonomi Kreatif DPP Partai Demokrat I Founder THT Law Firm | #EkonomiKreatifBangkit","68","90","EkonomiKreatifBangkit","demokrat.or.id","https://www.demokrat.or.id/","0","23","https://t.co/O0WByK94Q4","","121962","https://twitter.com/Hasbil_Lbs","user","https://x.com/Hasbil_Lbs","Hasbil_Lbs","1",,"1831401324719792450","Wed Sep 04 20:04:02 +0000 2024",,,,,,,,,"1746852909575512064","0","9","RakyatBiasa","mihijjjj","282006208","10","22","Mahfud MD","mohmahfudmd",,,,,,,,"pic.twitter.com/38xKFsJI9A","https://twitter.com/Hasbil_Lbs/status/1831422992041291784/photo/1","Available","56","56","850","127","196","196","417","156","56","56","850","127","196","196","417","156","1831422976849272832","94","117","3_1831422976849272832","QXBpTWVkaWFSZXN1bHRzOgwAAQoAARlqhX6AluAACgACGWqFggoasAgAAA==","ApiMedia","QXBpTWVkaWE6DAABCgABGWqFfoCW4AAKAAIZaoWCChqwCAAA","3_1831422976849272832","https://pbs.twimg.com/media/GWqFfoCW4AAw8Pa.jpg","573","1024","0","706","1024","1024","0","256","1167","1024","0","113","1280","640","96","0","1280","1024","0","0","1280","1024","1280","1024","photo","https://t.co/38xKFsJI9A",,,,,,,,,,,,,,,,,,,,,,,,,,,,,,,,,,,,,,,,,,,,,,,,,,,,,,,,,,,,,,,,,,,,,,,,,,,,,,,,,,,,,,,"1831422992041291784","1831417415017877505",,,"false","false",,"true","in","4","5",,,,,,,,,,,,,,,,,,,,,,,,,,,,,,,,"23",,"1",,"","@mihijjjj @mohmahfudmd RUU PA aja sy setuju. Namun, case kaesang itu beda. Makanya sy bantah. https://t.co/38xKFsJI9A","https://twitter.com/Hasbil_Lbs/status/1831422992041291784","tweet","https://x.com/Hasbil_Lbs/status/1831422992041291784","26842",,,,,,,,,"0","Wed Sep 04 23:45:42 +0000 2024","false",,"0","0","95","",,"1831422992041291784","Tweet","931419055549906944","User","151971","https://pbs.twimg.com/profile_images/1924537001317171206/bzEF-8sg_normal.jpg","https://pbs.twimg.com/profile_banners/931419055549906944/1756582663","Fri Nov 17 07:09:42 +0000 2017","Hasbil Mustaqim Lbs","Hasbil_Lbs","true","false","Jakarta Capital Region, Indone","false",,"false","Deputi Ekonomi Kreatif DPP Partai Demokrat I Founder THT Law Firm | #EkonomiKreatifBangkit","68","90","EkonomiKreatifBangkit","demokrat.or.id","https://www.demokrat.or.id/","0","23","https://t.co/O0WByK94Q4","","1DA1F2","None","true","20377","4675","931419055549906944","false","false","false","11647","121962","true","https://t.co/O0WByK94Q4","EditControlInitial","1831422992041291784","1725483842000","5","false","true","1","1831401324719792450","Wed Sep 04 20:04:02 +0000 2024","23","93",,,,,,,,,"1746852909575512064","0","9","RakyatBiasa","mihijjjj","282006208","10","22","Mahfud MD","mohmahfudmd",,,,,,,,"pic.twitter.com/38xKFsJI9A","https://twitter.com/Hasbil_Lbs/status/1831422992041291784/photo/1","Available","56","56","850","127","196","196","417","156","56","56","850","127","196","196","417","156","1831422976849272832","94","117","3_1831422976849272832","QXBpTWVkaWFSZXN1bHRzOgwAAQoAARlqhX6AluAACgACGWqFggoasAgAAA==","ApiMedia","QXBpTWVkaWE6DAABCgABGWqFfoCW4AAKAAIZaoWCChqwCAAA","3_1831422976849272832","https://pbs.twimg.com/media/GWqFfoCW4AAw8Pa.jpg","573","1024","0","706","1024","1024","0","256","1167","1024","0","113","1280","640","96","0","1280","1024","0","0","1280","1024","1280","1024","photo","https://t.co/38xKFsJI9A",,,,,,,,,,,,,,,,,,,,,,,,,,,,,,,,,,,,,,,,,,,,,,,,,,,,,,,,,,,,,,,,,,,,,,,,,,,,,,,,,,,,,,,"4","@mihijjjj @mohmahfudmd RUU PA aja sy setuju. Namun, case kaesang itu beda. Makanya sy bantah. https://t.co/38xKFsJI9A","1831417415017877505",,"in","true","5",,,,,"23","1","931419055549906944",,,,"1831422992041291784","VW5tZW50aW9uczoKAAEZanHNORphQg8AAgoAAAACGD4Rd04bIAAAAAAAEM8SwAA=","26842","EnabledWithCount",,"true","ruu penyiaran penting? woi yang bener aja lah. sengaja bgt mau ngebatesin peran pers ya?

ruu mha sama ruu pprt mana nih? kan penting? udah 20 taun nih bos??????","0"
,"false","true","https://pbs.twimg.com/profile_banners/1809433141633040384/1722520195","Sat Jul 06 03:45:05 +0000 2024","","0","129","5","166","true","1809433141633040384","false","false","false","false","","327","boom guys",,"false","https://pbs.twimg.com/profile_images/1819007656121819136/it7thXya_normal.jpg","",,,,,,,,,,,,,,"","1789","https://twitter.com/Zul691112","user","https://x.com/Zul691112","Zul691112",,,,,,,,,,,,,,,,,,,,,,,,,,,,,,,,,,,,,,,,,,,,,,,,,,,,,,,,,,,,,,,,,,,,,,,,,,,,,,,,,,,,,,,,,,,,,,,,,,,,,,,,,,,,,,,,,,,,,,,,,,,,,,,,,,,,,,,,,,,,,,,,,,,,,,,,,,,,,,,,,,,,,,,,,,,,,,,,,,,,,,,,,,,,,,,,,,,,,,,,,,,,,,,,,,,,,,,,,,,,,,,,,,,,,,,,,,,,,,,,,,,,,,,,,,,,,,,,,,,,"366987179",,"366987179","User","jokowi",,"366987179",,"0","Wed Sep 04 10:41:25 +0000 2024","false",,"0","0","39","",,,,,,,,,,,,,,,,,,,,,,,,,,,,,,,,,,,,,,,,,,,,,,,,,,,,,,,,,,,,,,,,,,,,,,,,,,,,,,,,,,,,,,,,,,,,,,,,,,,,,,,,,,,,,,,,,,,,,,,,,,,,,,,,,,,,,,,,,,,,,,,,,,,,,,,,,,,,,,,,,,,,,,,,,,,,,,,,,,,,,,,,,,,,,,,,,,,,,,,,,,,,,,,,,,,,,,,,,,,,,,,,,,,,,,,,,,,,,,"jokowi",,"@jokowi
@kemkominfo 

 ""Sahkan RUU perampasan aset sama RUU penyiaran""

  Ditolak dewan pers,Usulin lagi biar akun penyebar hoax dan misinformasi biar kapok","0"
,"true","true","","Fri May 05 22:36:21 +0000 2017","","0","172206","1307","1510","true","860624234527113217","false","false","false","false","Cimanggis, Indonesia","459","Achsan Khan",,"false","https://pbs.twimg.com/profile_images/1781711507375661056/yf-FIdsL_normal.jpg","#GakFollowPorno & berjuang bersama untuk perbaikan Indonesia tercinta, bersatu insya Allah terwujud. Aamiin YRA. Against the tyrannical government.","0","15","GakFollowPorno",,,,,,,,,,,"","21217","https://twitter.com/AchsanKhan","user","https://x.com/AchsanKhan","AchsanKhan",,,"true","true","https://pbs.twimg.com/profile_banners/68208622/1742983584","Sun Aug 23 18:53:15 +0000 2009","","0","7456","53626","839","true","68208622","false","true","false","false","kontak.ardibhironx@gmail.com","16449","ardibhironx","1860344692183040125","false","https://pbs.twimg.com/profile_images/1962789634490216448/Fb_Ook0k_normal.jpg","mulai aja dulu",,,,,,,,,"","179493","https://twitter.com/ardibhironx","user","https://x.com/ardibhironx","ardibhironx","12",,"1830848600542445646","Tue Sep 03 06:36:54 +0000 2024",,,,,,,,,"97591235","0","13","Budi Setyarso","BudiSetyarso","1671179729477701633","14","27","Divisi Humas Bocor Alus Politik TEMPO","BocorAlusPol","3102442327","34","41","DPP PSI","psi_id",,"true","pic.twitter.com/fKbtKFryWH","https://twitter.com/ardibhironx/status/1830857482249601479/photo/1","Available","107","107","200","199",,,,,"107","107","200","199",,,,,"1830857476209836032","52","75","3_1830857476209836032","QXBpTWVkaWFSZXN1bHRzOgwAAQoAARlogyyf2wAACgACGWiDLgfagccAAA==","ApiMedia","QXBpTWVkaWE6DAABCgABGWiDLJ/bAAAKAAIZaIMuB9qBxwAA","3_1830857476209836032","https://pbs.twimg.com/media/GWiDLJ_bAAAJeNg.jpg","328","586","0","0","530","530","0","0","530","465","0","0","530","265","0","0","530","586","0","0","530","586","530","586","photo","https://t.co/fKbtKFryWH",,,,,,,,,,,,,,,,,,,,,,,,,,,,,,,,,,,,,,,,,,,,,,,,,,,,,,,,,,,,,,,,,,,,,,,,,,,,,,,,,,,,,,,"1830857482249601479","1830848600542445646",,,"false","false",,"true","en","515","6",,,,,,,,,,,,,,,,,,,,,,,,,,,,,,,,"8",,"124",,"","@BudiSetyarso @BocorAlusPol Jubir @psi_id was right https://t.co/fKbtKFryWH","https://twitter.com/ardibhironx/status/1830857482249601479","tweet","https://x.com/ardibhironx/status/1830857482249601479","27945",,,,,,,,,"0","Tue Sep 03 19:58:03 +0000 2024","false",,"0","0","54","",,"1830857482249601479","Tweet","68208622","User","7456","https://pbs.twimg.com/profile_images/1962789634490216448/Fb_Ook0k_normal.jpg","https://pbs.twimg.com/profile_banners/68208622/1742983584","Sun Aug 23 18:53:15 +0000 2009","ardibhironx","ardibhironx","true","false","kontak.ardibhironx@gmail.com","true","1860344692183040125","false","mulai aja dulu",,,,,,,,,"","009999","None","true","53626","839","68208622","false","false","false","16449","179493","true","","EditControlInitial","1830857482249601479","1725349014000","5","false","false","12","1830848600542445646","Tue Sep 03 06:36:54 +0000 2024","28","51",,,,,,,,,"97591235","0","13","Budi Setyarso","BudiSetyarso","1671179729477701633","14","27","Divisi Humas Bocor Alus Politik TEMPO","BocorAlusPol","3102442327","34","41","DPP PSI","psi_id",,"true","pic.twitter.com/fKbtKFryWH","https://twitter.com/ardibhironx/status/1830857482249601479/photo/1","Available","107","107","200","199",,,,,"107","107","200","199",,,,,"1830857476209836032","52","75","3_1830857476209836032","QXBpTWVkaWFSZXN1bHRzOgwAAQoAARlogyyf2wAACgACGWiDLgfagccAAA==","ApiMedia","QXBpTWVkaWE6DAABCgABGWiDLJ/bAAAKAAIZaIMuB9qBxwAA","3_1830857476209836032","https://pbs.twimg.com/media/GWiDLJ_bAAAJeNg.jpg","328","586","0","0","530","530","0","0","530","465","0","0","530","265","0","0","530","586","0","0","530","586","530","586","photo","https://t.co/fKbtKFryWH",,,,,,,,,,,,,,,,,,,,,,,,,,,,,,,,,,,,,,,,,,,,,,,,,,,,,,,,,,,,,,,,,,,,,,,,,,,,,,,,,,,,,,,"515","@BudiSetyarso @BocorAlusPol Jubir @psi_id was right https://t.co/fKbtKFryWH","1830848600542445646",,"en","true","6",,,,,"8","124","68208622",,,,"1830857482249601479","VW5tZW50aW9uczoKAAEZaHsaGNqATg8AAgoAAAADAAAAAAXRH8MXMTkcE1oQAQAAAAC464NXAA==","27945","EnabledWithCount",,"true","Makanya mau digoalkan RUU penyiaran, ternyata PSI mengakuisisinya secara gamblang.
Bangs*t rezim ini &amp; keberlanjutan.
Prabowo jangan seperti Joko Widodo dong !
#MrPausFransiskusHelpIndonesia
#HadangJokowiPrabowo
#HadangJokowiPrabowo
#RawatlahKemarahanIniDemiPerbaikanIndonesia https://t.co/IArk9W1ear","0"
,"false","false","https://pbs.twimg.com/profile_banners/1719339226330980352/1757762548","Tue Oct 31 13:03:36 +0000 2023","","0","6836","56","122","true","1719339226330980352","false","false","false","false","Stage 4/5","1021","appan","1909562007319461897","false","https://pbs.twimg.com/profile_images/1963820535017828352/WgRFycmX_normal.jpg","keep boldly going",,,,,,,,,,,,,,"","4633","https://twitter.com/kegelappan","user","https://x.com/kegelappan","kegelappan",,,"false","false","https://pbs.twimg.com/profile_banners/224431376/1726487655","Thu Dec 09 00:22:41 +0000 2010","","0","266295","53072","17028","true","224431376","false","true","false","false","Zimbabwe ","18031","5tePh3N","1970643090923745601","false","https://pbs.twimg.com/profile_images/1949251236311805952/lYBbd3sC_normal.jpg","Just 4 Laugh",,,,,,,,,"","126258","https://twitter.com/P3gEl","user","https://x.com/P3gEl","P3gEl","1193",,"1830917903216189617","Tue Sep 03 10:36:59 +0000 2024",,,,,,,,,,,,,,,,,,,,,,,,"false","true","pic.twitter.com/f54w6cIAXg","https://twitter.com/5teV3n_Pe9eL/status/1830917903216189617/video/1","Available",,,,,,,,,,,,,,,,,"1830917556892508161","127","150","7_1830917556892508161","QXBpTWVkaWFSZXN1bHRzOgwAAwoAARloudE/mqABCgACGWi6IeIaoLEAAA==","ApiMedia","QXBpTWVkaWE6DAADCgABGWi50T+aoAEKAAIZaLoh4hqgsQAA","7_1830917556892508161","https://pbs.twimg.com/ext_tw_video_thumb/1830917556892508161/pu/img/j5Q4oddH9qzQXSid.jpg",,,,,,,,,,,,,,,,,,,,,"1024","576","1024","576","video","https://t.co/f54w6cIAXg","9","16","178513",,"application/x-mpegURL","https://video.twimg.com/ext_tw_video/1830917556892508161/pu/pl/qxp26il3gNOvpex_.m3u8?tag=12","632000","video/mp4","https://video.twimg.com/ext_tw_video/1830917556892508161/pu/vid/avc1/320x568/VOQae89KetBnDXgU.mp4?tag=12","950000","video/mp4","https://video.twimg.com/ext_tw_video/1830917556892508161/pu/vid/avc1/480x852/us__fmVOCQNQ6sSe.mp4?tag=12","2176000","video/mp4","https://video.twimg.com/ext_tw_video/1830917556892508161/pu/vid/avc1/576x1024/Qj-AVO30sYEh5E4x.mp4?tag=12",,,,,,,,,,,,,,,,,,,,,,,,,,,,,,,,,,,,,,,,,,,,,,,,,,,,,,,,,,,,,,,,,,,,,,,,"1830917903216189617",,,,"false","false",,"false","in","9051","287",,,,,,,,,,,,,,,,,,,,,,,,,,,,,,,,"244",,"2731",,"","Grace yg mengecilkan hasil liputan dan investigasu awak media dibalas dengan komen yg cadas🙂aturan ditanyain, Kaesang dimana?🙂 https://t.co/f54w6cIAXg","https://twitter.com/P3gEl/status/1830917903216189617","tweet","https://x.com/P3gEl/status/1830917903216189617","1752790",,,,,,,,,"0","Tue Sep 03 17:48:43 +0000 2024","false",,"2","0","186","",,"1830917903216189617","Tweet","224431376","User","266295","https://pbs.twimg.com/profile_images/1949251236311805952/lYBbd3sC_normal.jpg","https://pbs.twimg.com/profile_banners/224431376/1726487655","Thu Dec 09 00:22:41 +0000 2010","5tePh3N","P3gEl","false","false","Zimbabwe ","false","1970643090923745601","false","Just 4 Laugh",,,,,,,,,"","1DA1F2","None","true","53072","17028","224431376","false","false","false","18031","126258","true","","EditControlInitial","1830917903216189617","1725363419000","5","true","true","1193","1830917903216189617","Tue Sep 03 10:36:59 +0000 2024","0","126",,,,,,,,,,,,,,,,,,,,,,,,"false","true","pic.twitter.com/f54w6cIAXg","https://twitter.com/5teV3n_Pe9eL/status/1830917903216189617/video/1","Available",,,,,,,,,,,,,,,,,"1830917556892508161","127","150","7_1830917556892508161","QXBpTWVkaWFSZXN1bHRzOgwAAwoAARloudE/mqABCgACGWi6IeIaoLEAAA==","ApiMedia","QXBpTWVkaWE6DAADCgABGWi50T+aoAEKAAIZaLoh4hqgsQAA","7_1830917556892508161","https://pbs.twimg.com/ext_tw_video_thumb/1830917556892508161/pu/img/j5Q4oddH9qzQXSid.jpg",,,,,,,,,,,,,,,,,,,,,"1024","576","1024","576","video","https://t.co/f54w6cIAXg","9","16","178513",,"application/x-mpegURL","https://video.twimg.com/ext_tw_video/1830917556892508161/pu/pl/qxp26il3gNOvpex_.m3u8?tag=12","632000","video/mp4","https://video.twimg.com/ext_tw_video/1830917556892508161/pu/vid/avc1/320x568/VOQae89KetBnDXgU.mp4?tag=12","950000","video/mp4","https://video.twimg.com/ext_tw_video/1830917556892508161/pu/vid/avc1/480x852/us__fmVOCQNQ6sSe.mp4?tag=12","2176000","video/mp4","https://video.twimg.com/ext_tw_video/1830917556892508161/pu/vid/avc1/576x1024/Qj-AVO30sYEh5E4x.mp4?tag=12",,,,,,,,,,,,,,,,,,,,,,,,,,,,,,,,,,,,,,,,,,,,,,,,,,,,,,,,,,,,,,,,,,,,,,,,"9051","Grace yg mengecilkan hasil liputan dan investigasu awak media dibalas dengan komen yg cadas🙂aturan ditanyain, Kaesang dimana?🙂 https://t.co/f54w6cIAXg",,,"in","true","287",,,,,"244","2731","224431376",,,,"1830917903216189617","VW5tZW50aW9uczoKAAEZaLoh4hqgsQ8AAgoAAAAAAA==","1752790","EnabledWithCount",,"true","Menjelaskan kenapa ruu penyiaran yang kontroversi kemarin ada larangan jurnalisme investigasi. Bagian dari pelemahan sendi-sendi demokrasi 😮‍💨","7"
,"false","false","","Fri Mar 11 02:48:03 +0000 2022","","0","32135","4","14","true","1502113976775106569","false","false","false","false","","21","Mood",,"false","https://pbs.twimg.com/profile_images/1587549765721808896/9co8HXJ__normal.jpg","",,,,,,,,,,,,,,"","602","https://twitter.com/mymo0d","user","https://x.com/mymo0d","mymo0d",,,,,,,,,,,,,,,,,,,,,,,,,,,,,,,,,,,,,,,,,,,,,,,,,,,,,,,,,,,,,,,,,,,,,,,,,,,,,,,,,,,,,,,,,,,,,,,,,,,,,,,,,,,,,,,,,,,,,,,,,,,,,,,,,,,,,,,,,,,,,,,,,,,,,,,,,,,,,,,,,,,,,,,,,,,,,,,,,,,,,,,,,,,,,,,,,,,,,,,,,,,,,,,,,,,,,,,,,,,,,,,,,,,,,,,,,,,,,,,,,,,,,,,,,,,,,,,,,,,,"228661761",,"228661761","User","Rigensih",,"228661761",,"0","Sun Sep 01 02:50:43 +0000 2024","true",,"0","0","60","",,,,,,,,,,,,,,,,,,,,,,,,,,,,,,,,,,,,,,,,,,,,,,,,,,,,,,,,,,,,,,,,,,,,,,,,,,,,,,,,,,,,,,,,,,,,,,,,,,,,,,,,,,,,,,,,,,,,,,,,,,,,,,,,,,,,,,,,,,,,,,,,,,,,,,,,,,,,,,,,,,,,,,,,,,,,,,,,,,,,,,,,,,,,,,,,,,,,,,,,,,,,,,,,,,,,,,,,,,,,,,,,,,,,,,,,,,,,,,"Rigensih",,"@Rigensih Berpendapat sih bebas tapi didenger gak?, tapera, ruu tni, ruu penyiaran, ruu peramapasan aset (mereka bukan demi kepentingan rakyat tapi partai)","0"
,"false","false","https://pbs.twimg.com/profile_banners/1303591300290080768/1647862872","Wed Sep 09 07:10:30 +0000 2020","","0","19983","1320","505","true","1303591300290080768","false","true","false","false","","7519","CVNKJL™️","1676782910039539712","false","https://pbs.twimg.com/profile_images/1539583611820978180/sGeB50hu_normal.jpg","💀follow ur fuccing dreams, not me. 👻",,,,,,,,,,,,,,"","60109","https://twitter.com/CVNKJL","user","https://x.com/CVNKJL","CVNKJL",,,"true","true","https://pbs.twimg.com/profile_banners/18129942/1730987805","Mon Dec 15 03:54:15 +0000 2008","","0","1026","2452432","19","true","18129942","false","true","true","false","Indonesia","30846","tempo.co","1970850713539346689","false","https://pbs.twimg.com/profile_images/1968882591031058432/qH8VMl2G_normal.jpg","sejak 1971 | enak dibaca dan perlu | follow untuk berita terbaru, laporan khusus, dan penjelasan yang seru.",,,,"tempo.co","http://tempo.co","0","23","https://t.co/aR6kgUM5in","","1432576","https://twitter.com/tempodotco","user","https://x.com/tempodotco","tempodotco","11",,"1830003643854012559","Sat Aug 31 22:04:03 +0000 2024","93","107","TempoNasional","nasional.tempo.co/read/1910930/p…","https://nasional.tempo.co/read/1910930/prabowo-kembali-singgung-podcast-budaya-bangsa-ingin-pemimpin-rukun?utm_source=Twitter&utm_medium=dlvr.it","69","92","https://t.co/emOWOxhowN",,,,,,,,,,,,,,,,,,,,,,,,,,,,,,,,,,,,,,,,,,,,,,,,,,,,,,,,,,,,,,,,,,,,,,,,,,,,,,,,,,,,,,,,,,,,,,,,,,,,,,,,,,,,,,,,,,,,,,,,,,,,,,,,,,,,,,,,,,,,,,,,,,,,,,,,,,,,,,"1830003643854012559",,,,"false","false",,"false","in","115","63",,,,,,,,,,,,,,,,,,,,,,,,,,,,,,,,"211",,"16",,"","Prabowo Kembali Singgung Podcast: Budaya Bangsa Ingin Pemimpin Rukun https://t.co/emOWOxhowN #TempoNasional","https://twitter.com/tempodotco/status/1830003643854012559","tweet","https://x.com/tempodotco/status/1830003643854012559","45752",,,,,,,,,"0","Sun Sep 01 01:29:34 +0000 2024","false",,"0","1","130","",,"1830003643854012559","Tweet","18129942","User","1026","https://pbs.twimg.com/profile_images/1968882591031058432/qH8VMl2G_normal.jpg","https://pbs.twimg.com/profile_banners/18129942/1730987805","Mon Dec 15 03:54:15 +0000 2008","tempo.co","tempodotco","true","false","Indonesia","true","1970850713539346689","false","sejak 1971 | enak dibaca dan perlu | follow untuk berita terbaru, laporan khusus, dan penjelasan yang seru.",,,,"tempo.co","http://tempo.co","0","23","https://t.co/aR6kgUM5in","","E41B17","Regular","false","2452432","19","18129942","false","false","false","30846","1432576","true","https://t.co/aR6kgUM5in","EditControlInitial","1830003643854012559","1725145443000","5","true","false","11","1830003643854012559","Sat Aug 31 22:04:03 +0000 2024","0","107","93","107","TempoNasional","nasional.tempo.co/read/1910930/p…","https://nasional.tempo.co/read/1910930/prabowo-kembali-singgung-podcast-budaya-bangsa-ingin-pemimpin-rukun?utm_source=Twitter&utm_medium=dlvr.it","69","92","https://t.co/emOWOxhowN",,,,,,,,,,,,,,,,,,,,,,,,,,,,,,,,,,,,,,,,,,,,,,,,,,,,,,,,,,,,,,,,,,,,,,,,,,,,,,,,,,,,,,,,,,,,,,,,,,,,,,,,,,,,,,,,,,,,,,,,,,,,,,,,,,,,,,,,,,,,,,,,,,,,,,,,,,,,,,"115","Prabowo Kembali Singgung Podcast: Budaya Bangsa Ingin Pemimpin Rukun https://t.co/emOWOxhowN #TempoNasional",,,"in","true","63",,,,,"211","16","18129942",,,,"1830003643854012559","VW5tZW50aW9uczoKAAEZZXqeSZbAjw8AAgoAAAAAAA==","45752","EnabledWithCount",,"true","Kalok bapack ini udah mulai gerah dan nyinggung 02 podkas 02 itu, Keknya RUU penyiaran bakalan goal nih..","0"
